barangay_name,lgu_name,total_ha,canopy_pct_model_2019,canopy_pct_model_2020,canopy_pct_model_2021,canopy_pct_model_2022,canopy_pct_model_2023,canopy_pct_model_2024,canopy_pct_model_2025,canopy_pct_model_2026,canopy_ha_model_2019,canopy_ha_model_2020,canopy_ha_model_2021,canopy_ha_model_2022,canopy_ha_model_2023,canopy_ha_model_2024,canopy_ha_model_2025,canopy_ha_model_2026
BF Homes Caloocan,Caloocan,62.1,15.708,19.355,21.879,21.459,21.739,16.41,22.02,15.849,9.8,12.0,13.6,13.3,13.5,10.2,13.7,9.8
Bagbaguin,Caloocan,91.6,5.418,7.985,9.411,5.323,6.654,4.377,7.612,3.612,5.0,7.3,8.6,4.9,6.1,4.0,7.0,3.3
Bagumbong,Caloocan,588.8,23.388,26.095,29.734,28.802,27.115,19.512,25.074,20.0,137.7,153.6,175.1,169.6,159.6,114.9,147.6,117.8
Barangay 1,Caloocan,4.1,0.0,0.0,0.0,0.0,0.0,0.0,0.0,0.0,0.0,0.0,0.0,0.0,0.0,0.0,0.0,0.0
Barangay 10,Caloocan,3.8,0.0,0.0,0.0,0.0,0.0,0.0,0.0,0.0,0.0,0.0,0.0,0.0,0.0,0.0,0.0,0.0
Barangay 100,Caloocan,4.4,4.0,4.0,4.0,6.0,6.0,6.0,8.0,6.0,0.2,0.2,0.2,0.3,0.3,0.3,0.3,0.3
Barangay 101,Caloocan,11.4,0.0,0.763,0.0,0.0,0.0,0.0,0.0,0.0,0.0,0.1,0.0,0.0,0.0,0.0,0.0,0.0
Barangay 102,Caloocan,2.4,0.0,0.0,0.0,0.0,0.0,0.0,0.0,0.0,0.0,0.0,0.0,0.0,0.0,0.0,0.0,0.0
Barangay 103,Caloocan,7.0,0.0,0.0,0.0,0.0,0.0,0.0,1.266,0.0,0.0,0.0,0.0,0.0,0.0,0.0,0.1,0.0
Barangay 104,Caloocan,7.5,0.0,0.0,0.0,0.0,0.0,0.0,0.0,0.0,0.0,0.0,0.0,0.0,0.0,0.0,0.0,0.0
Barangay 105,Caloocan,8.4,0.0,0.0,0.0,1.042,0.0,1.042,1.042,1.042,0.0,0.0,0.0,0.1,0.0,0.1,0.1,0.1
Barangay 106,Caloocan,5.7,3.03,4.545,4.545,3.03,4.545,4.545,4.545,4.545,0.2,0.3,0.3,0.2,0.3,0.3,0.3,0.3
Barangay 107,Caloocan,4.8,0.0,0.0,0.0,0.0,0.0,0.0,0.0,0.0,0.0,0.0,0.0,0.0,0.0,0.0,0.0,0.0
Barangay 108,Caloocan,4.9,0.0,0.0,0.0,0.0,0.0,0.0,0.0,0.0,0.0,0.0,0.0,0.0,0.0,0.0,0.0,0.0
Barangay 109,Caloocan,7.0,1.25,1.25,1.25,1.25,1.25,1.25,1.25,1.25,0.1,0.1,0.1,0.1,0.1,0.1,0.1,0.1
Barangay 11,Caloocan,4.2,4.167,6.25,6.25,4.167,6.25,6.25,6.25,6.25,0.2,0.3,0.3,0.2,0.3,0.3,0.3,0.3
Barangay 110,Caloocan,2.5,0.0,0.0,0.0,0.0,0.0,0.0,0.0,0.0,0.0,0.0,0.0,0.0,0.0,0.0,0.0,0.0
Barangay 111,Caloocan,2.5,0.0,0.0,0.0,0.0,0.0,0.0,0.0,0.0,0.0,0.0,0.0,0.0,0.0,0.0,0.0,0.0
Barangay 112,Caloocan,2.4,0.0,0.0,0.0,0.0,0.0,0.0,0.0,0.0,0.0,0.0,0.0,0.0,0.0,0.0,0.0,0.0
Barangay 113,Caloocan,2.4,0.0,0.0,0.0,0.0,0.0,0.0,0.0,0.0,0.0,0.0,0.0,0.0,0.0,0.0,0.0,0.0
Barangay 114,Caloocan,1.6,0.0,0.0,0.0,0.0,0.0,0.0,0.0,0.0,0.0,0.0,0.0,0.0,0.0,0.0,0.0,0.0
Barangay 115,Caloocan,1.4,0.0,0.0,0.0,0.0,0.0,0.0,0.0,0.0,0.0,0.0,0.0,0.0,0.0,0.0,0.0,0.0
Barangay 116,Caloocan,2.6,0.0,0.0,0.0,0.0,0.0,0.0,0.0,0.0,0.0,0.0,0.0,0.0,0.0,0.0,0.0,0.0
Barangay 117,Caloocan,3.2,0.0,0.0,0.0,0.0,2.703,0.0,2.703,0.0,0.0,0.0,0.0,0.0,0.1,0.0,0.1,0.0
Barangay 118,Caloocan,36.6,10.476,14.524,16.905,13.333,13.571,8.095,18.333,10.952,3.8,5.3,6.2,4.9,5.0,3.0,6.7,4.0
Barangay 119,Caloocan,4.1,0.0,0.0,0.0,0.0,0.0,0.0,0.0,0.0,0.0,0.0,0.0,0.0,0.0,0.0,0.0,0.0
Barangay 12,Caloocan,31.8,0.0,0.0,0.0,0.0,0.0,0.0,0.0,0.0,0.0,0.0,0.0,0.0,0.0,0.0,0.0,0.0
Barangay 120,Caloocan,6.0,0.0,0.0,0.0,0.0,0.0,0.0,0.0,0.0,0.0,0.0,0.0,0.0,0.0,0.0,0.0,0.0
Barangay 121,Caloocan,5.1,0.0,0.0,0.0,0.0,0.0,0.0,0.0,0.0,0.0,0.0,0.0,0.0,0.0,0.0,0.0,0.0
Barangay 122,Caloocan,5.1,0.0,0.0,0.0,0.0,0.0,0.0,0.0,0.0,0.0,0.0,0.0,0.0,0.0,0.0,0.0,0.0
Barangay 123,Caloocan,2.2,0.0,0.0,0.0,0.0,0.0,0.0,0.0,0.0,0.0,0.0,0.0,0.0,0.0,0.0,0.0,0.0
Barangay 124,Caloocan,3.2,0.0,0.0,0.0,0.0,0.0,0.0,0.0,0.0,0.0,0.0,0.0,0.0,0.0,0.0,0.0,0.0
Barangay 125,Caloocan,3.0,0.0,0.0,0.0,0.0,0.0,0.0,0.0,0.0,0.0,0.0,0.0,0.0,0.0,0.0,0.0,0.0
Barangay 126,Caloocan,3.9,0.0,0.0,0.0,0.0,0.0,0.0,0.0,0.0,0.0,0.0,0.0,0.0,0.0,0.0,0.0,0.0
Barangay 127,Caloocan,4.3,0.0,0.0,0.0,0.0,0.0,0.0,0.0,0.0,0.0,0.0,0.0,0.0,0.0,0.0,0.0,0.0
Barangay 128,Caloocan,4.0,0.0,0.0,0.0,0.0,0.0,0.0,0.0,0.0,0.0,0.0,0.0,0.0,0.0,0.0,0.0,0.0
Barangay 129,Caloocan,2.3,0.0,0.0,0.0,0.0,0.0,0.0,0.0,0.0,0.0,0.0,0.0,0.0,0.0,0.0,0.0,0.0
Barangay 13,Caloocan,3.8,2.273,2.273,2.273,2.273,2.273,2.273,2.273,2.273,0.1,0.1,0.1,0.1,0.1,0.1,0.1,0.1
Barangay 130,Caloocan,2.8,0.0,0.0,0.0,0.0,0.0,0.0,0.0,0.0,0.0,0.0,0.0,0.0,0.0,0.0,0.0,0.0
Barangay 131,Caloocan,4.7,0.0,0.0,0.0,0.0,0.0,0.0,0.0,0.0,0.0,0.0,0.0,0.0,0.0,0.0,0.0,0.0
Barangay 132,Caloocan,5.2,0.0,0.0,0.0,0.0,0.0,0.0,0.0,0.0,0.0,0.0,0.0,0.0,0.0,0.0,0.0,0.0
Barangay 133,Caloocan,3.4,0.0,0.0,0.0,0.0,0.0,0.0,0.0,0.0,0.0,0.0,0.0,0.0,0.0,0.0,0.0,0.0
Barangay 134,Caloocan,8.9,0.0,0.0,0.98,0.0,0.0,0.0,0.0,0.0,0.0,0.0,0.1,0.0,0.0,0.0,0.0,0.0
Barangay 135,Caloocan,7.6,0.0,0.0,0.0,0.0,0.0,0.0,0.0,0.0,0.0,0.0,0.0,0.0,0.0,0.0,0.0,0.0
Barangay 136,Caloocan,9.2,0.0,0.0,0.943,0.0,0.0,0.0,0.0,0.0,0.0,0.0,0.1,0.0,0.0,0.0,0.0,0.0
Barangay 137,Caloocan,8.4,0.0,0.0,0.0,0.0,0.0,0.0,2.083,0.0,0.0,0.0,0.0,0.0,0.0,0.0,0.2,0.0
Barangay 138,Caloocan,8.3,0.0,0.0,0.0,0.0,0.0,0.0,0.0,0.0,0.0,0.0,0.0,0.0,0.0,0.0,0.0,0.0
Barangay 139,Caloocan,8.4,0.0,0.0,0.0,0.0,1.031,1.031,1.031,1.031,0.0,0.0,0.0,0.0,0.1,0.1,0.1,0.1
Barangay 14,Caloocan,28.0,0.623,0.935,0.935,0.935,0.935,0.623,0.935,1.246,0.2,0.3,0.3,0.3,0.3,0.2,0.3,0.3
Barangay 140,Caloocan,5.8,0.0,0.0,0.0,0.0,0.0,0.0,0.0,0.0,0.0,0.0,0.0,0.0,0.0,0.0,0.0,0.0
Barangay 141,Caloocan,5.9,0.0,1.471,1.471,1.471,1.471,1.471,1.471,0.0,0.0,0.1,0.1,0.1,0.1,0.1,0.1,0.0
Barangay 142,Caloocan,2.7,0.0,0.0,0.0,0.0,0.0,0.0,0.0,0.0,0.0,0.0,0.0,0.0,0.0,0.0,0.0,0.0
Barangay 143,Caloocan,2.4,0.0,0.0,0.0,0.0,0.0,0.0,0.0,0.0,0.0,0.0,0.0,0.0,0.0,0.0,0.0,0.0
Barangay 144,Caloocan,3.1,0.0,0.0,0.0,0.0,0.0,0.0,0.0,0.0,0.0,0.0,0.0,0.0,0.0,0.0,0.0,0.0
Barangay 145,Caloocan,3.0,0.0,0.0,0.0,0.0,0.0,0.0,0.0,0.0,0.0,0.0,0.0,0.0,0.0,0.0,0.0,0.0
Barangay 146,Caloocan,2.5,0.0,0.0,0.0,0.0,0.0,0.0,0.0,0.0,0.0,0.0,0.0,0.0,0.0,0.0,0.0,0.0
Barangay 147,Caloocan,3.6,0.0,2.439,0.0,0.0,0.0,0.0,0.0,0.0,0.0,0.1,0.0,0.0,0.0,0.0,0.0,0.0
Barangay 148,Caloocan,2.1,0.0,0.0,0.0,0.0,0.0,0.0,0.0,0.0,0.0,0.0,0.0,0.0,0.0,0.0,0.0,0.0
Barangay 149,Caloocan,4.8,0.0,0.0,0.0,0.0,0.0,0.0,0.0,0.0,0.0,0.0,0.0,0.0,0.0,0.0,0.0,0.0
Barangay 15,Caloocan,5.7,1.515,1.515,1.515,1.515,1.515,1.515,1.515,1.515,0.1,0.1,0.1,0.1,0.1,0.1,0.1,0.1
Barangay 150,Caloocan,3.9,0.0,0.0,0.0,0.0,0.0,0.0,0.0,0.0,0.0,0.0,0.0,0.0,0.0,0.0,0.0,0.0
Barangay 151,Caloocan,2.4,0.0,0.0,0.0,0.0,0.0,0.0,0.0,0.0,0.0,0.0,0.0,0.0,0.0,0.0,0.0,0.0
Barangay 152,Caloocan,3.1,0.0,0.0,0.0,0.0,0.0,0.0,0.0,0.0,0.0,0.0,0.0,0.0,0.0,0.0,0.0,0.0
Barangay 153,Caloocan,3.0,0.0,0.0,0.0,0.0,0.0,0.0,0.0,0.0,0.0,0.0,0.0,0.0,0.0,0.0,0.0,0.0
Barangay 154,Caloocan,3.5,0.0,0.0,0.0,0.0,0.0,0.0,0.0,0.0,0.0,0.0,0.0,0.0,0.0,0.0,0.0,0.0
Barangay 155,Caloocan,3.3,0.0,0.0,2.632,0.0,0.0,0.0,0.0,0.0,0.0,0.0,0.1,0.0,0.0,0.0,0.0,0.0
Barangay 156,Caloocan,2.7,0.0,0.0,0.0,0.0,0.0,0.0,0.0,0.0,0.0,0.0,0.0,0.0,0.0,0.0,0.0,0.0
Barangay 157,Caloocan,3.2,0.0,0.0,0.0,0.0,0.0,0.0,0.0,0.0,0.0,0.0,0.0,0.0,0.0,0.0,0.0,0.0
Barangay 158,Caloocan,27.5,5.063,9.494,12.342,12.658,11.709,11.709,10.443,6.646,1.4,2.6,3.4,3.5,3.2,3.2,2.9,1.8
Barangay 159,Caloocan,54.2,1.929,3.859,3.055,3.215,2.572,2.733,2.572,0.965,1.0,2.1,1.7,1.7,1.4,1.5,1.4,0.5
Barangay 16,Caloocan,6.2,1.408,1.408,1.408,1.408,1.408,1.408,1.408,1.408,0.1,0.1,0.1,0.1,0.1,0.1,0.1,0.1
Barangay 160,Caloocan,49.3,8.657,11.484,7.42,6.007,4.77,6.007,6.537,3.357,4.3,5.7,3.7,3.0,2.4,3.0,3.2,1.7
Barangay 161,Caloocan,51.0,20.478,26.28,26.621,22.184,20.307,18.601,23.379,11.604,10.5,13.4,13.6,11.3,10.4,9.5,11.9,5.9
Barangay 162,Caloocan,49.8,11.538,15.385,17.133,16.783,14.86,15.035,14.362,10.14,5.7,7.7,8.5,8.4,7.4,7.5,7.1,5.1
Barangay 163,Caloocan,28.8,3.625,6.647,5.74,5.438,2.719,3.625,5.438,3.323,1.0,1.9,1.7,1.6,0.8,1.0,1.6,1.0
Barangay 164,Caloocan,55.9,2.492,3.427,4.05,4.517,3.427,2.804,3.271,3.894,1.4,1.9,2.3,2.5,1.9,1.6,1.8,2.2
Barangay 17,Caloocan,4.8,1.818,1.818,1.818,1.818,0.0,3.636,0.0,1.818,0.1,0.1,0.1,0.1,0.0,0.2,0.0,0.1
Barangay 170,Caloocan,45.4,9.405,11.516,14.203,14.971,14.779,11.708,15.163,11.9,4.3,5.2,6.4,6.8,6.7,5.3,6.9,5.4
Barangay 172,Caloocan,137.9,9.981,10.739,12.066,12.634,12.382,10.297,9.665,10.36,13.8,14.8,16.6,17.4,17.1,14.2,13.3,14.3
Barangay 173,Caloocan,92.8,27.392,31.989,31.614,30.394,30.113,23.921,23.921,24.39,25.4,29.7,29.4,28.2,28.0,22.2,22.2,22.6
Barangay 174,Caloocan,91.9,18.389,17.82,19.431,19.336,18.483,16.398,14.123,15.261,16.9,16.4,17.9,17.8,17.0,15.1,13.0,14.0
Barangay 175,Caloocan,265.8,23.001,26.147,26.606,26.999,26.54,22.51,25.295,22.412,61.1,69.5,70.7,71.8,70.5,59.8,67.2,59.6
Barangay 176-A,Caloocan,109.0,4.952,5.671,5.831,5.831,5.351,5.112,5.032,5.112,5.4,6.2,6.4,6.4,5.8,5.6,5.5,5.6
Barangay 176-B,Caloocan,76.7,9.762,9.648,9.535,10.897,11.124,10.443,10.216,11.124,7.5,7.4,7.3,8.4,8.5,8.0,7.8,8.5
Barangay 176-C,Caloocan,72.5,6.691,6.332,8.841,9.677,8.363,8.841,7.775,8.283,4.9,4.6,6.4,7.1,6.1,6.4,5.7,6.0
Barangay 176-D,Caloocan,76.2,5.029,5.6,5.829,6.629,5.371,6.857,5.143,7.314,3.8,4.3,4.4,5.1,4.1,5.2,3.9,5.6
Barangay 176-E,Caloocan,77.3,9.122,10.023,10.135,11.712,10.023,9.572,9.459,9.572,7.1,7.8,7.8,9.1,7.8,7.4,7.3,7.4
Barangay 176-F,Caloocan,101.8,18.477,19.076,18.477,18.734,18.05,18.221,17.28,15.227,18.8,19.4,18.8,19.1,18.4,18.6,17.6,15.5
Barangay 177,Caloocan,196.3,16.238,17.968,17.924,17.436,16.903,15.617,15.794,16.593,31.9,35.3,35.2,34.2,33.2,30.7,31.0,32.6
Barangay 178,Caloocan,352.3,13.177,14.66,15.253,15.179,14.71,13.622,12.831,13.103,46.4,51.6,53.7,53.5,51.8,48.0,45.2,46.2
Barangay 18,Caloocan,11.1,0.781,1.562,1.562,0.0,1.562,1.562,0.0,0.0,0.1,0.2,0.2,0.0,0.2,0.2,0.0,0.0
Barangay 19,Caloocan,4.7,0.0,0.0,0.0,0.0,0.0,0.0,0.0,0.0,0.0,0.0,0.0,0.0,0.0,0.0,0.0,0.0
Barangay 2,Caloocan,4.9,0.0,0.0,0.0,0.0,0.0,0.0,0.0,0.0,0.0,0.0,0.0,0.0,0.0,0.0,0.0,0.0
Barangay 20,Caloocan,18.6,0.0,0.467,0.0,0.0,0.0,0.0,0.0,0.0,0.0,0.1,0.0,0.0,0.0,0.0,0.0,0.0
Barangay 21,Caloocan,4.8,0.0,0.0,0.0,0.0,0.0,0.0,0.0,0.0,0.0,0.0,0.0,0.0,0.0,0.0,0.0,0.0
Barangay 22,Caloocan,28.5,0.0,0.0,0.0,0.0,0.0,0.0,0.0,0.0,0.0,0.0,0.0,0.0,0.0,0.0,0.0,0.0
Barangay 23,Caloocan,3.8,0.0,0.0,0.0,0.0,0.0,0.0,0.0,0.0,0.0,0.0,0.0,0.0,0.0,0.0,0.0,0.0
Barangay 24,Caloocan,3.7,0.0,0.0,0.0,0.0,0.0,0.0,0.0,0.0,0.0,0.0,0.0,0.0,0.0,0.0,0.0,0.0
Barangay 25,Caloocan,2.9,0.0,0.0,0.0,0.0,0.0,0.0,0.0,3.03,0.0,0.0,0.0,0.0,0.0,0.0,0.0,0.1
Barangay 26,Caloocan,3.9,0.0,0.0,0.0,0.0,0.0,0.0,0.0,0.0,0.0,0.0,0.0,0.0,0.0,0.0,0.0,0.0
Barangay 27,Caloocan,5.4,0.0,0.0,0.0,0.0,0.0,0.0,0.0,0.0,0.0,0.0,0.0,0.0,0.0,0.0,0.0,0.0
Barangay 28,Caloocan,55.6,0.157,0.47,0.47,0.157,0.0,0.157,0.0,0.0,0.1,0.3,0.3,0.1,0.0,0.1,0.0,0.0
Barangay 29,Caloocan,4.8,0.0,1.818,0.0,1.818,0.0,0.0,0.0,0.0,0.0,0.1,0.0,0.1,0.0,0.0,0.0,0.0
Barangay 3,Caloocan,3.7,0.0,0.0,0.0,0.0,0.0,0.0,0.0,0.0,0.0,0.0,0.0,0.0,0.0,0.0,0.0,0.0
Barangay 30,Caloocan,7.9,0.0,0.0,0.0,0.0,0.0,0.0,0.0,0.0,0.0,0.0,0.0,0.0,0.0,0.0,0.0,0.0
Barangay 31,Caloocan,3.7,0.0,0.0,0.0,0.0,0.0,0.0,0.0,0.0,0.0,0.0,0.0,0.0,0.0,0.0,0.0,0.0
Barangay 32,Caloocan,3.4,0.0,0.0,0.0,0.0,2.564,2.564,0.0,5.128,0.0,0.0,0.0,0.0,0.1,0.1,0.0,0.2
Barangay 33,Caloocan,5.7,0.0,1.538,0.0,0.0,1.538,3.077,1.538,0.0,0.0,0.1,0.0,0.0,0.1,0.2,0.1,0.0
Barangay 34,Caloocan,5.7,0.0,4.615,1.538,0.0,0.0,0.0,0.0,0.0,0.0,0.3,0.1,0.0,0.0,0.0,0.0,0.0
Barangay 35,Caloocan,4.6,0.0,0.0,0.0,0.0,0.0,0.0,0.0,0.0,0.0,0.0,0.0,0.0,0.0,0.0,0.0,0.0
Barangay 36,Caloocan,5.0,0.0,0.0,0.0,0.0,1.754,0.0,0.0,0.0,0.0,0.0,0.0,0.0,0.1,0.0,0.0,0.0
Barangay 37,Caloocan,5.4,0.0,1.613,1.613,0.0,1.613,1.613,3.226,3.226,0.0,0.1,0.1,0.0,0.1,0.1,0.2,0.2
Barangay 38,Caloocan,4.1,10.638,10.638,10.638,10.638,10.638,10.638,10.638,8.511,0.4,0.4,0.4,0.4,0.4,0.4,0.4,0.3
Barangay 39,Caloocan,1.7,0.0,0.0,0.0,0.0,0.0,0.0,5.0,0.0,0.0,0.0,0.0,0.0,0.0,0.0,0.1,0.0
Barangay 4,Caloocan,6.2,0.0,1.408,1.408,0.0,0.0,0.0,1.408,1.408,0.0,0.1,0.1,0.0,0.0,0.0,0.1,0.1
Barangay 40,Caloocan,1.9,0.0,0.0,0.0,0.0,0.0,0.0,0.0,0.0,0.0,0.0,0.0,0.0,0.0,0.0,0.0,0.0
Barangay 41,Caloocan,3.7,0.0,0.0,0.0,0.0,0.0,0.0,0.0,0.0,0.0,0.0,0.0,0.0,0.0,0.0,0.0,0.0
Barangay 42,Caloocan,3.1,11.111,16.667,13.889,13.889,11.111,5.556,8.333,8.333,0.3,0.5,0.4,0.4,0.3,0.2,0.3,0.3
Barangay 43,Caloocan,3.6,4.878,2.439,4.878,4.878,4.878,4.878,4.878,4.878,0.2,0.1,0.2,0.2,0.2,0.2,0.2,0.2
Barangay 44,Caloocan,3.5,0.0,0.0,0.0,0.0,0.0,0.0,0.0,0.0,0.0,0.0,0.0,0.0,0.0,0.0,0.0,0.0
Barangay 45,Caloocan,3.7,0.0,0.0,0.0,0.0,0.0,0.0,0.0,0.0,0.0,0.0,0.0,0.0,0.0,0.0,0.0,0.0
Barangay 46,Caloocan,3.9,0.0,0.0,0.0,0.0,0.0,0.0,2.222,2.222,0.0,0.0,0.0,0.0,0.0,0.0,0.1,0.1
Barangay 47,Caloocan,3.5,0.0,0.0,0.0,0.0,0.0,0.0,0.0,0.0,0.0,0.0,0.0,0.0,0.0,0.0,0.0,0.0
Barangay 48,Caloocan,3.7,0.0,0.0,0.0,0.0,0.0,0.0,0.0,0.0,0.0,0.0,0.0,0.0,0.0,0.0,0.0,0.0
Barangay 49,Caloocan,6.2,0.0,0.0,0.0,0.0,0.0,0.0,0.0,1.408,0.0,0.0,0.0,0.0,0.0,0.0,0.0,0.1
Barangay 5,Caloocan,6.4,9.459,13.514,14.865,12.162,13.514,14.865,14.865,12.162,0.6,0.9,1.0,0.8,0.9,1.0,1.0,0.8
Barangay 50,Caloocan,3.0,0.0,0.0,0.0,0.0,0.0,0.0,0.0,0.0,0.0,0.0,0.0,0.0,0.0,0.0,0.0,0.0
Barangay 51,Caloocan,5.8,0.0,1.493,2.985,2.985,0.0,0.0,2.985,0.0,0.0,0.1,0.2,0.2,0.0,0.0,0.2,0.0
Barangay 52,Caloocan,2.4,0.0,0.0,0.0,0.0,0.0,0.0,0.0,0.0,0.0,0.0,0.0,0.0,0.0,0.0,0.0,0.0
Barangay 53,Caloocan,5.6,0.0,0.0,0.0,0.0,0.0,0.0,0.0,0.0,0.0,0.0,0.0,0.0,0.0,0.0,0.0,0.0
Barangay 54,Caloocan,7.8,0.0,1.124,1.124,0.0,0.0,0.0,0.0,0.0,0.0,0.1,0.1,0.0,0.0,0.0,0.0,0.0
Barangay 55,Caloocan,7.1,0.0,0.0,0.0,0.0,0.0,0.0,0.0,0.0,0.0,0.0,0.0,0.0,0.0,0.0,0.0,0.0
Barangay 56,Caloocan,3.7,0.0,0.0,0.0,0.0,0.0,0.0,0.0,0.0,0.0,0.0,0.0,0.0,0.0,0.0,0.0,0.0
Barangay 57,Caloocan,4.5,0.0,0.0,0.0,0.0,0.0,0.0,0.0,0.0,0.0,0.0,0.0,0.0,0.0,0.0,0.0,0.0
Barangay 58,Caloocan,5.5,0.0,0.0,0.0,0.0,0.0,0.0,0.0,0.0,0.0,0.0,0.0,0.0,0.0,0.0,0.0,0.0
Barangay 59,Caloocan,4.6,0.0,0.0,0.0,0.0,0.0,0.0,0.0,0.0,0.0,0.0,0.0,0.0,0.0,0.0,0.0,0.0
Barangay 6,Caloocan,2.8,0.0,0.0,0.0,0.0,0.0,0.0,0.0,0.0,0.0,0.0,0.0,0.0,0.0,0.0,0.0,0.0
Barangay 60,Caloocan,4.4,0.0,0.0,0.0,0.0,0.0,0.0,0.0,0.0,0.0,0.0,0.0,0.0,0.0,0.0,0.0,0.0
Barangay 61,Caloocan,7.1,0.0,0.0,0.0,0.0,0.0,0.0,1.22,0.0,0.0,0.0,0.0,0.0,0.0,0.0,0.1,0.0
Barangay 62,Caloocan,7.0,2.5,2.5,2.5,2.5,2.5,2.5,2.5,2.5,0.2,0.2,0.2,0.2,0.2,0.2,0.2,0.2
Barangay 63,Caloocan,5.1,0.0,0.0,0.0,0.0,0.0,1.724,0.0,1.724,0.0,0.0,0.0,0.0,0.0,0.1,0.0,0.1
Barangay 64,Caloocan,2.5,0.0,0.0,0.0,0.0,0.0,0.0,0.0,0.0,0.0,0.0,0.0,0.0,0.0,0.0,0.0,0.0
Barangay 65,Caloocan,2.4,0.0,0.0,0.0,0.0,0.0,0.0,0.0,0.0,0.0,0.0,0.0,0.0,0.0,0.0,0.0,0.0
Barangay 66,Caloocan,4.1,0.0,0.0,0.0,0.0,0.0,0.0,0.0,0.0,0.0,0.0,0.0,0.0,0.0,0.0,0.0,0.0
Barangay 67,Caloocan,5.2,0.0,0.0,0.0,0.0,0.0,0.0,0.0,0.0,0.0,0.0,0.0,0.0,0.0,0.0,0.0,0.0
Barangay 68,Caloocan,5.9,0.0,0.0,0.0,0.0,0.0,0.0,0.0,0.0,0.0,0.0,0.0,0.0,0.0,0.0,0.0,0.0
Barangay 69,Caloocan,3.0,0.0,0.0,0.0,0.0,0.0,0.0,0.0,0.0,0.0,0.0,0.0,0.0,0.0,0.0,0.0,0.0
Barangay 7,Caloocan,3.2,0.0,0.0,0.0,0.0,0.0,0.0,0.0,0.0,0.0,0.0,0.0,0.0,0.0,0.0,0.0,0.0
Barangay 70,Caloocan,6.0,0.0,0.0,0.0,0.0,0.0,0.0,0.0,0.0,0.0,0.0,0.0,0.0,0.0,0.0,0.0,0.0
Barangay 71,Caloocan,4.0,0.0,2.174,4.348,0.0,0.0,0.0,0.0,0.0,0.0,0.1,0.2,0.0,0.0,0.0,0.0,0.0
Barangay 72,Caloocan,4.4,0.0,0.0,0.0,0.0,0.0,0.0,0.0,0.0,0.0,0.0,0.0,0.0,0.0,0.0,0.0,0.0
Barangay 73,Caloocan,13.0,0.0,0.671,0.0,0.0,0.0,0.0,0.671,0.671,0.0,0.1,0.0,0.0,0.0,0.0,0.1,0.1
Barangay 74,Caloocan,7.3,0.0,0.0,0.0,0.0,0.0,0.0,0.0,0.0,0.0,0.0,0.0,0.0,0.0,0.0,0.0,0.0
Barangay 75,Caloocan,5.0,0.0,0.0,0.0,0.0,0.0,0.0,0.0,0.0,0.0,0.0,0.0,0.0,0.0,0.0,0.0,0.0
Barangay 76,Caloocan,2.7,0.0,0.0,0.0,0.0,0.0,0.0,0.0,0.0,0.0,0.0,0.0,0.0,0.0,0.0,0.0,0.0
Barangay 77,Caloocan,5.9,0.0,1.471,0.0,0.0,0.0,0.0,0.0,0.0,0.0,0.1,0.0,0.0,0.0,0.0,0.0,0.0
Barangay 78,Caloocan,6.4,0.0,0.0,0.0,0.0,0.0,0.0,0.0,0.0,0.0,0.0,0.0,0.0,0.0,0.0,0.0,0.0
Barangay 79,Caloocan,6.1,0.0,1.429,0.0,0.0,0.0,0.0,0.0,0.0,0.0,0.1,0.0,0.0,0.0,0.0,0.0,0.0
Barangay 8,Caloocan,29.8,0.0,0.292,0.0,0.0,0.292,0.0,0.0,0.0,0.0,0.1,0.0,0.0,0.1,0.0,0.0,0.0
Barangay 80,Caloocan,31.7,3.022,4.121,9.066,5.769,5.769,5.22,6.319,3.571,1.0,1.3,2.9,1.8,1.8,1.7,2.0,1.1
Barangay 81,Caloocan,6.8,1.282,0.0,0.0,0.0,0.0,0.0,0.0,0.0,0.1,0.0,0.0,0.0,0.0,0.0,0.0,0.0
Barangay 82,Caloocan,5.1,0.0,0.0,3.39,1.695,0.0,0.0,3.39,1.695,0.0,0.0,0.2,0.1,0.0,0.0,0.2,0.1
Barangay 83,Caloocan,6.1,0.0,1.429,1.429,1.429,1.429,1.429,4.286,1.429,0.0,0.1,0.1,0.1,0.1,0.1,0.3,0.1
Barangay 84,Caloocan,15.2,4.571,7.429,8.0,7.429,4.571,5.143,10.857,5.714,0.7,1.1,1.2,1.1,0.7,0.8,1.7,0.9
Barangay 85,Caloocan,4.9,0.0,0.0,0.0,0.0,0.0,0.0,0.0,0.0,0.0,0.0,0.0,0.0,0.0,0.0,0.0,0.0
Barangay 86,Caloocan,7.6,1.149,0.0,0.0,1.149,0.0,0.0,0.0,0.0,0.1,0.0,0.0,0.1,0.0,0.0,0.0,0.0
Barangay 87,Caloocan,8.4,0.0,0.0,0.0,0.0,0.0,0.0,0.0,0.0,0.0,0.0,0.0,0.0,0.0,0.0,0.0,0.0
Barangay 88,Caloocan,8.6,0.0,0.0,0.0,0.0,0.0,0.0,0.0,0.0,0.0,0.0,0.0,0.0,0.0,0.0,0.0,0.0
Barangay 89,Caloocan,7.7,0.0,0.0,0.0,0.0,0.0,0.0,0.0,0.0,0.0,0.0,0.0,0.0,0.0,0.0,0.0,0.0
Barangay 9,Caloocan,9.8,5.31,7.965,8.85,6.195,7.08,7.08,10.619,7.965,0.5,0.8,0.9,0.6,0.7,0.7,1.0,0.8
Barangay 90,Caloocan,6.0,0.0,0.0,0.0,0.0,0.0,1.449,0.0,0.0,0.0,0.0,0.0,0.0,0.0,0.1,0.0,0.0
Barangay 91,Caloocan,8.5,0.0,0.0,0.0,0.0,0.0,0.0,0.0,0.0,0.0,0.0,0.0,0.0,0.0,0.0,0.0,0.0
Barangay 92,Caloocan,5.1,0.0,0.0,0.0,0.0,0.0,0.0,0.0,0.0,0.0,0.0,0.0,0.0,0.0,0.0,0.0,0.0
Barangay 93,Caloocan,5.9,0.0,0.0,0.0,0.0,0.0,0.0,0.0,0.0,0.0,0.0,0.0,0.0,0.0,0.0,0.0,0.0
Barangay 94,Caloocan,5.1,0.0,0.0,0.0,0.0,0.0,0.0,0.0,0.0,0.0,0.0,0.0,0.0,0.0,0.0,0.0,0.0
Barangay 95,Caloocan,5.6,0.0,0.0,0.0,0.0,0.0,0.0,0.0,0.0,0.0,0.0,0.0,0.0,0.0,0.0,0.0,0.0
Barangay 96,Caloocan,9.1,1.869,6.542,9.346,5.607,5.607,5.714,8.411,2.857,0.2,0.6,0.9,0.5,0.5,0.5,0.8,0.3
Barangay 97,Caloocan,3.6,0.0,0.0,0.0,0.0,0.0,0.0,0.0,0.0,0.0,0.0,0.0,0.0,0.0,0.0,0.0,0.0
Barangay 98,Caloocan,2.7,0.0,0.0,0.0,0.0,0.0,0.0,0.0,0.0,0.0,0.0,0.0,0.0,0.0,0.0,0.0,0.0
Barangay 99,Caloocan,4.8,1.818,5.455,9.091,5.455,3.636,5.455,5.455,7.273,0.1,0.3,0.4,0.3,0.2,0.3,0.3,0.3
Deparo,Caloocan,309.9,14.868,16.657,19.056,18.1,17.397,12.423,17.688,12.957,46.1,51.6,59.1,56.1,53.9,38.5,54.8,40.2
Kaybiga,Caloocan,186.6,8.345,8.392,10.676,10.556,11.702,8.671,12.652,7.096,15.6,15.7,19.9,19.7,21.9,16.2,23.6,13.2
Llano,Caloocan,194.4,9.767,10.663,14.158,12.142,13.486,7.392,13.492,8.02,19.0,20.7,27.5,23.6,26.2,14.4,26.2,15.6
Almanza Dos,Las Pinas,319.6,21.335,20.736,25.014,25.075,26.772,20.463,17.067,13.955,68.2,66.3,80.0,80.1,85.5,65.4,54.5,44.6
Almanza Uno,Las Pinas,229.1,10.126,10.392,12.353,12.752,13.856,10.42,11.158,9.958,23.2,23.8,28.3,29.2,31.7,23.8,25.3,22.8
BF International Village,Las Pinas,256.3,12.946,13.863,13.795,14.509,15.664,13.286,14.247,14.135,33.2,35.5,35.4,37.2,40.2,34.1,36.5,36.2
Daniel Fajardo,Las Pinas,28.5,5.199,6.422,6.728,6.116,7.951,6.728,7.951,6.728,1.5,1.8,1.9,1.7,2.3,1.9,2.3,1.9
Elias Aldana,Las Pinas,45.6,10.496,11.069,11.069,11.069,9.542,8.969,8.969,8.969,4.8,5.1,5.1,5.1,4.4,4.1,4.1,4.1
Ilaya,Las Pinas,13.6,5.769,5.128,6.41,7.051,7.692,6.41,7.051,7.692,0.8,0.7,0.9,1.0,1.0,0.9,1.0,1.0
Manuyo Dos,Las Pinas,218.5,4.344,5.181,5.301,5.301,5.181,4.823,5.341,4.862,9.5,11.3,11.6,11.6,11.3,10.5,11.7,10.6
Manuyo Uno,Las Pinas,42.2,8.247,10.309,9.072,9.897,10.515,8.247,10.928,11.34,3.5,4.4,3.8,4.2,4.4,3.5,4.6,4.8
Pamplona Dos,Las Pinas,114.2,10.069,10.297,11.67,12.204,11.747,10.145,12.147,10.908,11.5,11.8,13.3,13.9,13.4,11.6,13.8,12.5
Pamplona Tres,Las Pinas,225.4,5.407,6.605,6.412,6.607,6.646,6.219,7.03,6.376,12.2,14.9,14.5,14.9,15.0,14.0,15.9,14.4
Pamplona Uno,Las Pinas,86.0,9.625,10.334,11.854,13.07,12.462,9.524,11.348,11.145,8.3,8.9,10.2,11.2,10.7,8.2,9.8,9.6
Pilar,Las Pinas,195.7,2.848,3.471,4.05,4.005,4.094,3.427,3.56,3.071,5.6,6.8,7.9,7.8,8.0,6.7,7.0,6.0
Pulanglupa Dos,Las Pinas,205.5,4.407,5.636,5.424,6.144,5.339,3.729,5.127,5.127,9.1,11.6,11.1,12.6,11.0,7.7,10.5,10.5
Pulanglupa Uno,Las Pinas,133.4,7.245,7.702,8.029,10.183,10.117,7.507,9.987,8.42,9.7,10.3,10.7,13.6,13.5,10.0,13.3,11.2
Talon Dos,Las Pinas,420.3,5.2,5.469,6.029,6.403,6.547,5.739,6.153,5.843,21.9,23.0,25.3,26.9,27.5,24.1,25.9,24.6
Talon Kuatro,Las Pinas,71.6,5.596,5.961,6.326,7.664,8.029,6.691,6.448,5.718,4.0,4.3,4.5,5.5,5.7,4.8,4.6,4.1
Talon Singko,Las Pinas,165.0,4.116,4.011,4.222,4.433,4.644,4.222,4.327,3.905,6.8,6.6,7.0,7.3,7.7,7.0,7.1,6.4
Talon Tres,Las Pinas,94.1,4.352,4.444,3.333,3.889,4.537,4.167,3.796,3.704,4.1,4.2,3.1,3.7,4.3,3.9,3.6,3.5
Talon Uno,Las Pinas,200.0,7.099,7.709,8.145,8.014,8.754,7.056,7.38,6.925,14.2,15.4,16.3,16.0,17.5,14.1,14.7,13.8
Zapote,Las Pinas,65.1,5.221,5.756,7.631,6.56,6.158,5.355,6.292,6.56,3.4,3.7,5.0,4.3,4.0,3.5,4.1,4.3
Bangkal,Makati,88.1,1.186,2.174,2.47,2.372,3.557,2.075,1.877,1.383,1.0,1.9,2.2,2.1,3.1,1.8,1.7,1.2
Bel-Air,Makati,172.0,4.0,4.608,5.772,6.38,6.177,4.608,7.049,6.127,6.9,7.9,9.9,11.0,10.6,7.9,12.1,10.5
Carmona,Makati,35.9,5.825,6.553,7.282,9.466,8.738,8.01,2.913,1.699,2.1,2.4,2.6,3.4,3.1,2.9,1.0,0.6
Dasmariñas,Makati,192.4,14.848,17.519,16.388,18.116,18.923,15.437,18.013,18.334,28.6,33.7,31.5,34.8,36.4,29.7,34.6,35.3
Forbes Park,Makati,253.4,41.856,44.777,45.945,45.892,47.182,44.021,45.717,44.742,106.1,113.5,116.4,116.3,119.6,111.6,115.7,113.4
Guadalupe Nuevo,Makati,58.5,0.149,0.595,0.298,1.042,1.488,0.893,1.339,1.042,0.1,0.3,0.2,0.6,0.9,0.5,0.8,0.6
Guadalupe Viejo,Makati,55.4,10.692,11.792,12.421,13.522,13.994,12.264,15.276,14.151,5.9,6.5,6.9,7.5,7.8,6.8,8.4,7.8
Kasilawan,Makati,10.7,0.0,0.813,0.0,0.0,0.0,1.626,0.813,0.813,0.0,0.1,0.0,0.0,0.0,0.2,0.1,0.1
La Paz,Makati,26.0,0.336,1.007,1.342,0.671,1.007,1.007,1.007,1.678,0.1,0.3,0.3,0.2,0.3,0.3,0.3,0.4
Magallanes,Makati,122.8,6.738,8.44,9.078,9.362,9.929,9.362,8.458,9.22,8.3,10.4,11.1,11.5,12.2,11.5,10.4,11.3
Olympia,Makati,46.9,1.299,1.855,1.855,1.67,2.041,1.484,2.041,1.67,0.6,0.9,0.9,0.8,1.0,0.7,1.0,0.8
Palanan,Makati,65.3,0.133,0.267,0.267,0.267,0.4,0.533,0.667,0.8,0.1,0.2,0.2,0.2,0.3,0.3,0.4,0.5
Pinagkaisahan,Makati,16.2,1.075,0.538,1.075,2.151,1.613,1.613,1.075,1.075,0.2,0.1,0.2,0.3,0.3,0.3,0.2,0.2
Pio del Pilar,Makati,90.7,0.384,0.48,1.537,2.209,1.921,1.633,1.633,0.672,0.3,0.4,1.4,2.0,1.7,1.5,1.5,0.6
Poblacion,Makati,104.2,3.679,4.599,4.348,4.348,5.351,4.181,5.602,4.682,3.8,4.8,4.5,4.5,5.6,4.4,5.8,4.9
San Antonio,Makati,93.1,1.497,1.684,1.59,1.964,2.058,2.339,1.684,1.59,1.4,1.6,1.5,1.8,1.9,2.2,1.6,1.5
San Isidro,Makati,47.6,0.733,2.015,2.015,1.832,2.381,1.648,2.198,2.564,0.3,1.0,1.0,0.9,1.1,0.8,1.0,1.2
San Lorenzo,Makati,173.2,5.43,6.385,6.687,8.149,7.893,6.285,8.797,7.642,9.4,11.1,11.6,14.1,13.7,10.9,15.2,13.2
Santa Cruz,Makati,21.6,1.21,1.613,1.613,1.613,2.419,0.403,1.613,2.016,0.3,0.3,0.3,0.3,0.5,0.1,0.3,0.4
Singkamas,Makati,13.8,0.0,1.266,1.899,0.633,1.266,1.899,1.266,0.0,0.0,0.2,0.3,0.1,0.2,0.3,0.2,0.0
Tejeros,Makati,28.6,0.61,0.915,1.22,0.915,1.22,0.915,2.134,0.915,0.2,0.3,0.3,0.3,0.3,0.3,0.6,0.3
Urdaneta,Makati,74.6,17.757,20.327,20.911,24.766,22.664,18.363,24.089,21.379,13.2,15.2,15.6,18.5,16.9,13.7,17.9,15.9
Valenzuela,Makati,25.5,3.413,3.072,2.73,2.048,3.072,1.706,4.437,4.096,0.9,0.8,0.7,0.5,0.8,0.4,1.1,1.0
Dampalit,Malabon,279.6,0.093,0.187,0.343,0.156,0.156,0.187,0.374,0.093,0.3,0.5,1.0,0.4,0.4,0.5,1.0,0.3
Muzon,Malabon,54.7,1.592,1.911,1.752,1.115,1.433,0.955,1.592,0.955,0.9,1.0,1.0,0.6,0.8,0.5,0.9,0.5
Addition Hills,Mandaluyong,113.7,4.751,5.517,5.747,7.28,6.59,4.444,6.284,5.594,5.4,6.3,6.5,8.3,7.5,5.1,7.1,6.4
Bagong Silang,Mandaluyong,14.2,3.067,3.681,3.067,3.681,1.84,1.227,3.681,2.454,0.4,0.5,0.4,0.5,0.3,0.2,0.5,0.3
Barangka Drive,Mandaluyong,21.5,0.0,0.0,0.405,0.405,0.405,0.405,0.0,0.405,0.0,0.0,0.1,0.1,0.1,0.1,0.0,0.1
Barangka Ibaba,Mandaluyong,15.6,0.0,0.559,2.235,2.793,2.793,2.793,3.911,2.793,0.0,0.1,0.3,0.4,0.4,0.4,0.6,0.4
Barangka Ilaya,Mandaluyong,48.3,0.542,1.264,1.083,1.264,1.264,1.625,3.069,1.805,0.3,0.6,0.5,0.6,0.6,0.8,1.5,0.9
Barangka Itaas,Mandaluyong,18.4,0.474,0.474,0.474,1.422,0.948,0.948,1.422,0.948,0.1,0.1,0.1,0.3,0.2,0.2,0.3,0.2
Buayang Bato,Mandaluyong,31.8,1.648,2.192,2.466,2.74,1.918,1.923,2.77,2.466,0.5,0.7,0.8,0.9,0.6,0.6,0.9,0.8
Burol,Mandaluyong,2.2,0.0,0.0,0.0,0.0,0.0,0.0,0.0,0.0,0.0,0.0,0.0,0.0,0.0,0.0,0.0,0.0
Daang Bakal,Mandaluyong,17.2,1.015,2.538,0.508,1.523,3.046,2.03,3.553,3.046,0.2,0.4,0.1,0.3,0.5,0.3,0.6,0.5
Hagdang Bato Itaas,Mandaluyong,17.2,4.545,5.051,5.556,6.061,7.576,5.051,5.556,6.566,0.8,0.9,1.0,1.0,1.3,0.9,1.0,1.1
Hagdang Bato Libis,Mandaluyong,15.1,8.092,9.249,8.671,8.671,8.671,7.514,10.405,8.671,1.2,1.4,1.3,1.3,1.3,1.1,1.6,1.3
Harapin ang Bukas,Mandaluyong,5.0,0.0,0.0,0.0,0.0,0.0,0.0,0.0,0.0,0.0,0.0,0.0,0.0,0.0,0.0,0.0,0.0
Highway Hills,Mandaluyong,93.1,1.403,1.497,1.403,1.31,2.619,1.497,1.977,2.058,1.3,1.4,1.3,1.2,2.4,1.4,1.8,1.9
Hulo,Mandaluyong,37.9,0.23,1.149,0.69,0.46,0.69,0.46,1.609,1.149,0.1,0.4,0.3,0.2,0.3,0.2,0.6,0.4
Mabini-J. Rizal,Mandaluyong,20.9,2.917,4.167,2.5,1.25,2.917,1.25,4.167,2.917,0.6,0.9,0.5,0.3,0.6,0.3,0.9,0.6
Malamig,Mandaluyong,31.3,0.836,1.393,1.671,1.114,1.671,1.95,2.228,1.671,0.3,0.4,0.5,0.3,0.5,0.6,0.7,0.5
Mauway,Mandaluyong,69.7,30.75,33.5,33.125,33.875,32.625,27.0,32.875,31.375,21.4,23.3,23.1,23.6,22.7,18.8,22.9,21.9
Namayan,Mandaluyong,32.1,6.233,7.046,7.588,9.485,8.13,4.878,7.859,7.046,2.0,2.3,2.4,3.0,2.6,1.6,2.5,2.3
New Zañiga,Mandaluyong,17.4,1.0,0.5,1.0,1.0,2.0,0.5,1.0,0.5,0.2,0.1,0.2,0.2,0.3,0.1,0.2,0.1
Old Zañiga,Mandaluyong,33.2,17.585,19.948,21.522,22.047,20.21,17.585,21.785,18.11,5.8,6.6,7.1,7.3,6.7,5.8,7.2,6.0
Pag-asa,Mandaluyong,13.6,3.205,3.846,6.41,5.769,5.769,4.487,7.692,3.205,0.4,0.5,0.9,0.8,0.8,0.6,1.0,0.4
Plainview,Mandaluyong,107.1,0.65,0.894,1.057,1.382,1.138,1.138,1.301,1.138,0.7,1.0,1.1,1.5,1.2,1.2,1.4,1.2
Pleasant Hills,Mandaluyong,20.9,2.5,2.917,3.333,3.333,2.083,1.25,2.917,2.083,0.5,0.6,0.7,0.7,0.4,0.3,0.6,0.4
Poblacion,Mandaluyong,23.0,0.758,1.894,0.758,0.758,0.758,0.758,0.379,0.379,0.2,0.4,0.2,0.2,0.2,0.2,0.1,0.1
San Jose,Mandaluyong,8.7,0.0,2.0,2.0,1.0,2.0,2.0,1.0,1.0,0.0,0.2,0.2,0.1,0.2,0.2,0.1,0.1
Vergara,Mandaluyong,19.8,3.524,8.37,8.811,12.335,12.775,9.692,11.013,11.454,0.7,1.7,1.7,2.4,2.5,1.9,2.2,2.3
Wack-Wack Greenhills,Mandaluyong,289.9,22.95,29.078,27.576,27.155,27.906,26.464,30.069,23.34,66.5,84.3,80.0,78.7,80.9,76.7,87.2,67.7
Barangay 125,Manila,5.7,0.0,0.0,0.0,0.0,0.0,0.0,0.0,0.0,0.0,0.0,0.0,0.0,0.0,0.0,0.0,0.0
Barangay 126,Manila,13.8,0.0,0.0,0.0,0.0,0.629,0.0,0.0,0.0,0.0,0.0,0.0,0.0,0.1,0.0,0.0,0.0
Barangay 127,Manila,5.4,0.0,0.0,0.0,0.0,0.0,0.0,0.0,0.0,0.0,0.0,0.0,0.0,0.0,0.0,0.0,0.0
Barangay 128,Manila,109.3,1.434,1.673,1.833,3.665,2.151,0.717,3.187,1.275,1.6,1.8,2.0,4.0,2.4,0.8,3.5,1.4
Barangay 129,Manila,3.8,0.0,0.0,0.0,0.0,0.0,0.0,0.0,0.0,0.0,0.0,0.0,0.0,0.0,0.0,0.0,0.0
Barangay 130,Manila,3.2,0.0,0.0,0.0,0.0,0.0,0.0,0.0,0.0,0.0,0.0,0.0,0.0,0.0,0.0,0.0,0.0
Barangay 131,Manila,2.7,0.0,0.0,0.0,0.0,0.0,0.0,0.0,0.0,0.0,0.0,0.0,0.0,0.0,0.0,0.0,0.0
Barangay 132,Manila,4.4,0.0,0.0,0.0,0.0,0.0,0.0,0.0,0.0,0.0,0.0,0.0,0.0,0.0,0.0,0.0,0.0
Barangay 133,Manila,7.6,0.0,0.0,0.0,0.0,0.0,0.0,0.0,0.0,0.0,0.0,0.0,0.0,0.0,0.0,0.0,0.0
Barangay 134,Manila,3.3,0.0,0.0,0.0,0.0,0.0,0.0,0.0,0.0,0.0,0.0,0.0,0.0,0.0,0.0,0.0,0.0
Barangay 135,Manila,2.5,0.0,0.0,0.0,0.0,0.0,0.0,0.0,0.0,0.0,0.0,0.0,0.0,0.0,0.0,0.0,0.0
Barangay 136,Manila,1.4,0.0,0.0,0.0,0.0,0.0,0.0,0.0,0.0,0.0,0.0,0.0,0.0,0.0,0.0,0.0,0.0
Barangay 137,Manila,2.3,0.0,0.0,3.846,0.0,0.0,0.0,3.846,0.0,0.0,0.0,0.1,0.0,0.0,0.0,0.1,0.0
Barangay 138,Manila,2.6,0.0,0.0,0.0,0.0,0.0,0.0,0.0,0.0,0.0,0.0,0.0,0.0,0.0,0.0,0.0,0.0
Barangay 139,Manila,3.2,0.0,0.0,0.0,0.0,2.703,0.0,2.703,0.0,0.0,0.0,0.0,0.0,0.1,0.0,0.1,0.0
Barangay 140,Manila,1.7,0.0,0.0,0.0,0.0,0.0,0.0,0.0,0.0,0.0,0.0,0.0,0.0,0.0,0.0,0.0,0.0
Barangay 141,Manila,0.7,0.0,0.0,0.0,0.0,0.0,0.0,0.0,0.0,0.0,0.0,0.0,0.0,0.0,0.0,0.0,0.0
Barangay 142,Manila,1.6,0.0,0.0,0.0,0.0,0.0,0.0,0.0,0.0,0.0,0.0,0.0,0.0,0.0,0.0,0.0,0.0
Barangay 143,Manila,1.2,0.0,0.0,0.0,0.0,0.0,0.0,0.0,0.0,0.0,0.0,0.0,0.0,0.0,0.0,0.0,0.0
Barangay 144,Manila,4.1,0.0,0.0,0.0,0.0,0.0,0.0,0.0,0.0,0.0,0.0,0.0,0.0,0.0,0.0,0.0,0.0
Barangay 145,Manila,1.7,0.0,0.0,0.0,0.0,0.0,0.0,0.0,0.0,0.0,0.0,0.0,0.0,0.0,0.0,0.0,0.0
Barangay 146,Manila,4.7,0.0,0.0,0.0,0.0,0.0,0.0,0.0,0.0,0.0,0.0,0.0,0.0,0.0,0.0,0.0,0.0
Barangay 147,Manila,11.1,0.0,0.0,0.0,0.0,0.0,0.0,0.0,0.0,0.0,0.0,0.0,0.0,0.0,0.0,0.0,0.0
Barangay 148,Manila,8.8,0.99,0.0,1.98,0.99,1.98,0.99,0.99,1.98,0.1,0.0,0.2,0.1,0.2,0.1,0.1,0.2
Barangay 149,Manila,6.3,0.0,0.0,0.0,0.0,0.0,0.0,0.0,0.0,0.0,0.0,0.0,0.0,0.0,0.0,0.0,0.0
Barangay 150,Manila,5.6,0.0,0.0,0.0,0.0,0.0,0.0,0.0,0.0,0.0,0.0,0.0,0.0,0.0,0.0,0.0,0.0
Barangay 151,Manila,2.4,0.0,0.0,0.0,0.0,0.0,0.0,0.0,0.0,0.0,0.0,0.0,0.0,0.0,0.0,0.0,0.0
Barangay 152,Manila,2.4,0.0,0.0,0.0,0.0,0.0,0.0,0.0,0.0,0.0,0.0,0.0,0.0,0.0,0.0,0.0,0.0
Barangay 153,Manila,2.2,0.0,0.0,0.0,0.0,0.0,0.0,0.0,0.0,0.0,0.0,0.0,0.0,0.0,0.0,0.0,0.0
Barangay 154,Manila,4.5,0.0,0.0,0.0,0.0,0.0,0.0,0.0,0.0,0.0,0.0,0.0,0.0,0.0,0.0,0.0,0.0
Barangay 155,Manila,1.9,0.0,0.0,0.0,0.0,0.0,0.0,0.0,0.0,0.0,0.0,0.0,0.0,0.0,0.0,0.0,0.0
Barangay 156,Manila,1.6,0.0,0.0,0.0,0.0,0.0,0.0,0.0,5.556,0.0,0.0,0.0,0.0,0.0,0.0,0.0,0.1
Barangay 157,Manila,1.9,0.0,0.0,0.0,0.0,0.0,0.0,0.0,0.0,0.0,0.0,0.0,0.0,0.0,0.0,0.0,0.0
Barangay 158,Manila,2.4,0.0,0.0,0.0,0.0,0.0,0.0,0.0,0.0,0.0,0.0,0.0,0.0,0.0,0.0,0.0,0.0
Barangay 159,Manila,1.9,0.0,0.0,0.0,0.0,0.0,0.0,0.0,0.0,0.0,0.0,0.0,0.0,0.0,0.0,0.0,0.0
Barangay 160,Manila,1.3,0.0,0.0,0.0,0.0,0.0,0.0,0.0,0.0,0.0,0.0,0.0,0.0,0.0,0.0,0.0,0.0
Barangay 161,Manila,3.0,0.0,0.0,0.0,0.0,0.0,0.0,0.0,0.0,0.0,0.0,0.0,0.0,0.0,0.0,0.0,0.0
Barangay 162,Manila,2.4,0.0,0.0,0.0,0.0,0.0,0.0,0.0,0.0,0.0,0.0,0.0,0.0,0.0,0.0,0.0,0.0
Barangay 163,Manila,5.0,0.0,0.0,0.0,0.0,0.0,0.0,0.0,0.0,0.0,0.0,0.0,0.0,0.0,0.0,0.0,0.0
Barangay 164,Manila,2.0,0.0,0.0,8.696,0.0,4.348,0.0,0.0,0.0,0.0,0.0,0.2,0.0,0.1,0.0,0.0,0.0
Barangay 165,Manila,2.5,0.0,3.448,3.448,0.0,0.0,0.0,3.448,3.448,0.0,0.1,0.1,0.0,0.0,0.0,0.1,0.1
Barangay 166,Manila,3.5,0.0,0.0,0.0,0.0,0.0,0.0,0.0,0.0,0.0,0.0,0.0,0.0,0.0,0.0,0.0,0.0
Barangay 167,Manila,2.9,0.0,0.0,0.0,0.0,0.0,0.0,0.0,0.0,0.0,0.0,0.0,0.0,0.0,0.0,0.0,0.0
Barangay 168,Manila,3.0,0.0,0.0,0.0,0.0,0.0,0.0,0.0,0.0,0.0,0.0,0.0,0.0,0.0,0.0,0.0,0.0
Barangay 169,Manila,2.6,0.0,0.0,0.0,0.0,0.0,0.0,0.0,0.0,0.0,0.0,0.0,0.0,0.0,0.0,0.0,0.0
Barangay 170,Manila,1.9,0.0,0.0,0.0,0.0,0.0,0.0,0.0,0.0,0.0,0.0,0.0,0.0,0.0,0.0,0.0,0.0
Barangay 171,Manila,3.9,0.0,0.0,0.0,0.0,0.0,0.0,0.0,0.0,0.0,0.0,0.0,0.0,0.0,0.0,0.0,0.0
Barangay 172,Manila,5.2,0.0,0.0,0.0,0.0,0.0,0.0,0.0,0.0,0.0,0.0,0.0,0.0,0.0,0.0,0.0,0.0
Barangay 173,Manila,3.1,0.0,0.0,0.0,0.0,0.0,0.0,0.0,0.0,0.0,0.0,0.0,0.0,0.0,0.0,0.0,0.0
Barangay 174,Manila,2.6,0.0,0.0,0.0,0.0,0.0,0.0,0.0,0.0,0.0,0.0,0.0,0.0,0.0,0.0,0.0,0.0
Barangay 175,Manila,4.1,0.0,0.0,0.0,0.0,0.0,0.0,0.0,0.0,0.0,0.0,0.0,0.0,0.0,0.0,0.0,0.0
Barangay 176,Manila,4.2,0.0,0.0,0.0,0.0,0.0,0.0,0.0,0.0,0.0,0.0,0.0,0.0,0.0,0.0,0.0,0.0
Barangay 313,Manila,5.5,0.0,0.0,0.0,0.0,0.0,0.0,0.0,0.0,0.0,0.0,0.0,0.0,0.0,0.0,0.0,0.0
Barangay 314,Manila,5.3,0.0,0.0,1.639,0.0,1.639,0.0,0.0,0.0,0.0,0.0,0.1,0.0,0.1,0.0,0.0,0.0
Barangay 315,Manila,4.6,0.0,1.887,1.887,1.887,3.774,1.887,1.887,1.887,0.0,0.1,0.1,0.1,0.2,0.1,0.1,0.1
Barangay 316,Manila,4.1,0.0,2.128,2.128,0.0,0.0,0.0,0.0,0.0,0.0,0.1,0.1,0.0,0.0,0.0,0.0,0.0
Barangay 317,Manila,2.8,0.0,0.0,3.125,3.125,0.0,3.125,0.0,0.0,0.0,0.0,0.1,0.1,0.0,0.1,0.0,0.0
Barangay 318,Manila,1.3,0.0,0.0,0.0,0.0,0.0,0.0,0.0,0.0,0.0,0.0,0.0,0.0,0.0,0.0,0.0,0.0
Barangay 319,Manila,1.6,0.0,0.0,0.0,0.0,0.0,0.0,0.0,0.0,0.0,0.0,0.0,0.0,0.0,0.0,0.0,0.0
Barangay 320,Manila,2.2,0.0,0.0,0.0,0.0,0.0,0.0,0.0,0.0,0.0,0.0,0.0,0.0,0.0,0.0,0.0,0.0
Barangay 321,Manila,1.5,0.0,0.0,0.0,0.0,0.0,0.0,0.0,0.0,0.0,0.0,0.0,0.0,0.0,0.0,0.0,0.0
Barangay 322,Manila,1.6,0.0,0.0,0.0,0.0,0.0,0.0,0.0,0.0,0.0,0.0,0.0,0.0,0.0,0.0,0.0,0.0
Barangay 323,Manila,2.2,0.0,0.0,0.0,0.0,0.0,0.0,0.0,0.0,0.0,0.0,0.0,0.0,0.0,0.0,0.0,0.0
Barangay 324,Manila,1.4,0.0,0.0,0.0,0.0,0.0,0.0,0.0,0.0,0.0,0.0,0.0,0.0,0.0,0.0,0.0,0.0
Barangay 325,Manila,1.0,0.0,0.0,0.0,0.0,0.0,0.0,0.0,0.0,0.0,0.0,0.0,0.0,0.0,0.0,0.0,0.0
Barangay 329,Manila,1.8,0.0,0.0,0.0,0.0,0.0,0.0,0.0,0.0,0.0,0.0,0.0,0.0,0.0,0.0,0.0,0.0
Barangay 330,Manila,2.5,0.0,0.0,0.0,0.0,0.0,0.0,0.0,0.0,0.0,0.0,0.0,0.0,0.0,0.0,0.0,0.0
Barangay 335,Manila,2.7,0.0,0.0,0.0,0.0,0.0,0.0,0.0,0.0,0.0,0.0,0.0,0.0,0.0,0.0,0.0,0.0
Barangay 336,Manila,3.6,0.0,0.0,0.0,0.0,0.0,0.0,0.0,0.0,0.0,0.0,0.0,0.0,0.0,0.0,0.0,0.0
Barangay 337,Manila,2.7,0.0,0.0,0.0,0.0,0.0,0.0,0.0,0.0,0.0,0.0,0.0,0.0,0.0,0.0,0.0,0.0
Barangay 338,Manila,3.2,0.0,0.0,0.0,0.0,0.0,0.0,0.0,0.0,0.0,0.0,0.0,0.0,0.0,0.0,0.0,0.0
Barangay 339,Manila,2.9,0.0,0.0,0.0,0.0,0.0,0.0,0.0,0.0,0.0,0.0,0.0,0.0,0.0,0.0,0.0,0.0
Barangay 340,Manila,2.8,0.0,0.0,0.0,0.0,0.0,0.0,0.0,0.0,0.0,0.0,0.0,0.0,0.0,0.0,0.0,0.0
Barangay 341,Manila,3.2,0.0,0.0,2.703,0.0,0.0,0.0,0.0,0.0,0.0,0.0,0.1,0.0,0.0,0.0,0.0,0.0
Barangay 342,Manila,6.0,0.0,0.0,1.449,1.449,1.449,1.449,1.449,2.899,0.0,0.0,0.1,0.1,0.1,0.1,0.1,0.2
Barangay 462,Manila,2.4,0.0,0.0,0.0,0.0,0.0,0.0,0.0,0.0,0.0,0.0,0.0,0.0,0.0,0.0,0.0,0.0
Barangay 463,Manila,1.4,0.0,0.0,0.0,0.0,0.0,0.0,0.0,0.0,0.0,0.0,0.0,0.0,0.0,0.0,0.0,0.0
Barangay 464,Manila,2.4,0.0,0.0,0.0,0.0,0.0,0.0,0.0,0.0,0.0,0.0,0.0,0.0,0.0,0.0,0.0,0.0
Barangay 465,Manila,1.3,0.0,0.0,0.0,0.0,0.0,0.0,0.0,0.0,0.0,0.0,0.0,0.0,0.0,0.0,0.0,0.0
Barangay 466,Manila,2.1,0.0,0.0,0.0,0.0,0.0,0.0,0.0,0.0,0.0,0.0,0.0,0.0,0.0,0.0,0.0,0.0
Barangay 467,Manila,1.2,0.0,0.0,0.0,0.0,0.0,0.0,0.0,0.0,0.0,0.0,0.0,0.0,0.0,0.0,0.0,0.0
Barangay 468,Manila,1.3,0.0,0.0,0.0,0.0,0.0,0.0,0.0,0.0,0.0,0.0,0.0,0.0,0.0,0.0,0.0,0.0
Barangay 469,Manila,1.2,0.0,0.0,0.0,0.0,0.0,0.0,0.0,0.0,0.0,0.0,0.0,0.0,0.0,0.0,0.0,0.0
Barangay 470,Manila,27.3,14.65,16.242,15.924,16.242,15.605,15.924,16.077,16.561,4.0,4.4,4.4,4.4,4.3,4.4,4.4,4.5
Barangay 471,Manila,3.6,2.439,0.0,0.0,0.0,0.0,0.0,0.0,0.0,0.1,0.0,0.0,0.0,0.0,0.0,0.0,0.0
Barangay 487,Manila,2.2,0.0,0.0,0.0,0.0,0.0,0.0,0.0,0.0,0.0,0.0,0.0,0.0,0.0,0.0,0.0,0.0
Barangay 555,Manila,1.9,0.0,0.0,0.0,0.0,0.0,0.0,0.0,0.0,0.0,0.0,0.0,0.0,0.0,0.0,0.0,0.0
Barangay 556,Manila,1.4,0.0,0.0,0.0,0.0,0.0,0.0,0.0,0.0,0.0,0.0,0.0,0.0,0.0,0.0,0.0,0.0
Barangay 557,Manila,1.3,0.0,0.0,0.0,0.0,0.0,0.0,0.0,0.0,0.0,0.0,0.0,0.0,0.0,0.0,0.0,0.0
Barangay 558,Manila,1.5,0.0,0.0,0.0,0.0,0.0,0.0,0.0,0.0,0.0,0.0,0.0,0.0,0.0,0.0,0.0,0.0
Barangay 559,Manila,1.3,0.0,0.0,0.0,0.0,0.0,0.0,0.0,0.0,0.0,0.0,0.0,0.0,0.0,0.0,0.0,0.0
Barangay 560,Manila,1.5,0.0,0.0,0.0,0.0,0.0,0.0,0.0,0.0,0.0,0.0,0.0,0.0,0.0,0.0,0.0,0.0
Barangay 561,Manila,2.1,0.0,0.0,0.0,0.0,0.0,0.0,0.0,0.0,0.0,0.0,0.0,0.0,0.0,0.0,0.0,0.0
Barangay 562,Manila,2.3,0.0,0.0,0.0,0.0,0.0,0.0,0.0,0.0,0.0,0.0,0.0,0.0,0.0,0.0,0.0,0.0
Barangay 563,Manila,1.4,0.0,0.0,0.0,0.0,0.0,0.0,0.0,0.0,0.0,0.0,0.0,0.0,0.0,0.0,0.0,0.0
Barangay 564,Manila,1.6,0.0,0.0,0.0,0.0,0.0,0.0,0.0,0.0,0.0,0.0,0.0,0.0,0.0,0.0,0.0,0.0
Barangay 565,Manila,3.0,0.0,0.0,0.0,0.0,0.0,0.0,0.0,0.0,0.0,0.0,0.0,0.0,0.0,0.0,0.0,0.0
Barangay 566,Manila,2.7,0.0,0.0,0.0,0.0,0.0,0.0,0.0,0.0,0.0,0.0,0.0,0.0,0.0,0.0,0.0,0.0
Barangay 567,Manila,4.0,0.0,0.0,0.0,0.0,0.0,0.0,0.0,0.0,0.0,0.0,0.0,0.0,0.0,0.0,0.0,0.0
Barangay 568,Manila,2.3,0.0,0.0,0.0,0.0,0.0,0.0,0.0,0.0,0.0,0.0,0.0,0.0,0.0,0.0,0.0,0.0
Barangay 654,Manila,9.4,11.111,12.963,16.667,18.519,13.889,14.815,14.815,11.111,1.0,1.2,1.6,1.7,1.3,1.4,1.4,1.0
Barangay 655,Manila,20.4,8.547,10.684,11.111,12.821,13.248,11.111,12.821,12.393,1.7,2.2,2.3,2.6,2.7,2.3,2.6,2.5
Barangay 656,Manila,31.2,15.363,16.201,18.715,18.715,18.994,15.922,17.039,16.76,4.8,5.1,5.8,5.8,5.9,5.0,5.3,5.2
Barangay 657,Manila,32.9,13.492,17.725,20.635,18.519,22.751,17.46,17.989,15.079,4.4,5.8,6.8,6.1,7.5,5.7,5.9,5.0
Barangay 658,Manila,25.1,7.986,11.458,13.194,11.806,13.542,9.722,14.583,11.458,2.0,2.9,3.3,3.0,3.4,2.4,3.7,2.9
Barangay 663-A,Manila,9.2,5.66,7.547,9.434,7.547,8.491,8.491,9.434,8.491,0.5,0.7,0.9,0.7,0.8,0.8,0.9,0.8
Barangay 667,Manila,20.7,4.622,5.882,5.462,5.882,7.983,7.983,8.824,5.882,1.0,1.2,1.1,1.2,1.7,1.7,1.8,1.2
Barangay 668,Manila,14.4,1.212,0.606,0.606,0.606,1.212,0.606,2.424,1.212,0.2,0.1,0.1,0.1,0.2,0.1,0.3,0.2
Barangay 669,Manila,24.4,4.286,5.357,5.714,4.286,5.357,4.643,6.071,5.357,1.0,1.3,1.4,1.0,1.3,1.1,1.5,1.3
Barangay 670,Manila,13.9,3.75,4.375,2.5,3.125,5.625,1.875,6.875,6.25,0.5,0.6,0.3,0.4,0.8,0.3,1.0,0.9
Barangay 675,Manila,8.7,1.0,2.0,2.0,1.0,1.0,1.0,1.0,1.0,0.1,0.2,0.2,0.1,0.1,0.1,0.1,0.1
Barangay 676,Manila,15.2,0.0,2.286,0.571,0.0,1.714,0.571,1.714,3.429,0.0,0.3,0.1,0.0,0.3,0.1,0.3,0.5
Barangay 685,Manila,9.8,0.893,0.893,0.893,0.893,0.893,1.786,0.893,0.893,0.1,0.1,0.1,0.1,0.1,0.2,0.1,0.1
Barangay 687,Manila,3.6,0.0,0.0,0.0,0.0,0.0,0.0,0.0,0.0,0.0,0.0,0.0,0.0,0.0,0.0,0.0,0.0
Barangay 688,Manila,4.8,3.636,10.909,10.909,12.727,12.727,10.909,10.909,9.091,0.2,0.5,0.5,0.6,0.6,0.5,0.5,0.4
Barangay 689,Manila,2.5,3.448,3.448,3.448,0.0,0.0,0.0,0.0,0.0,0.1,0.1,0.1,0.0,0.0,0.0,0.0,0.0
Barangay 690,Manila,1.2,7.143,7.143,7.143,0.0,7.143,7.143,14.286,7.143,0.1,0.1,0.1,0.0,0.1,0.1,0.2,0.1
Barangay 691,Manila,1.5,0.0,0.0,0.0,11.765,0.0,0.0,0.0,0.0,0.0,0.0,0.0,0.2,0.0,0.0,0.0,0.0
Barangay 692,Manila,4.3,2.041,2.041,2.041,2.041,0.0,0.0,0.0,0.0,0.1,0.1,0.1,0.1,0.0,0.0,0.0,0.0
Barangay 693,Manila,2.8,0.0,0.0,0.0,0.0,0.0,0.0,0.0,0.0,0.0,0.0,0.0,0.0,0.0,0.0,0.0,0.0
Barangay 694,Manila,7.5,0.0,2.326,1.163,1.163,1.163,1.163,1.163,1.163,0.0,0.2,0.1,0.1,0.1,0.1,0.1,0.1
Barangay 695,Manila,4.6,0.0,0.0,0.0,0.0,0.0,0.0,1.887,0.0,0.0,0.0,0.0,0.0,0.0,0.0,0.1,0.0
Barangay 696,Manila,8.3,4.211,5.263,3.158,3.158,3.158,3.158,5.263,3.158,0.3,0.4,0.3,0.3,0.3,0.3,0.4,0.3
Barangay 697,Manila,8.7,2.0,5.0,3.0,3.0,0.0,0.0,0.0,0.0,0.2,0.4,0.3,0.3,0.0,0.0,0.0,0.0
Barangay 698,Manila,8.3,1.053,2.105,2.105,2.105,2.105,2.105,3.158,2.105,0.1,0.2,0.2,0.2,0.2,0.2,0.3,0.2
Barangay 699,Manila,21.3,4.098,6.557,3.279,4.508,5.328,4.098,5.738,4.918,0.9,1.4,0.7,1.0,1.1,0.9,1.2,1.0
Barangay 700,Manila,3.9,4.444,6.667,4.444,4.444,4.444,8.889,13.333,4.444,0.2,0.3,0.2,0.2,0.2,0.3,0.5,0.2
Barangay 701,Manila,19.6,1.778,3.556,2.667,2.667,2.222,3.111,2.667,2.667,0.3,0.7,0.5,0.5,0.4,0.6,0.5,0.5
Barangay 702,Manila,4.4,0.0,0.0,0.0,0.0,0.0,0.0,0.0,0.0,0.0,0.0,0.0,0.0,0.0,0.0,0.0,0.0
Barangay 703,Manila,5.7,9.091,12.121,13.636,15.152,15.152,12.121,9.091,15.152,0.5,0.7,0.8,0.9,0.9,0.7,0.5,0.9
Barangay 706,Manila,3.8,13.636,20.455,15.909,13.636,13.636,13.636,13.636,11.364,0.5,0.8,0.6,0.5,0.5,0.5,0.5,0.4
Barangay 722,Manila,2.8,0.0,0.0,0.0,0.0,0.0,0.0,0.0,0.0,0.0,0.0,0.0,0.0,0.0,0.0,0.0,0.0
Barangay 723,Manila,2.0,0.0,0.0,0.0,0.0,0.0,0.0,0.0,0.0,0.0,0.0,0.0,0.0,0.0,0.0,0.0,0.0
Barangay 724,Manila,8.4,0.0,2.083,3.125,2.083,0.0,2.083,1.042,2.083,0.0,0.2,0.3,0.2,0.0,0.2,0.1,0.2
Barangay 725,Manila,5.6,0.0,0.0,0.0,0.0,0.0,0.0,0.0,0.0,0.0,0.0,0.0,0.0,0.0,0.0,0.0,0.0
Barangay 726,Manila,4.2,2.083,2.083,2.083,2.083,2.083,2.083,2.083,4.167,0.1,0.1,0.1,0.1,0.1,0.1,0.1,0.2
Barangay 727,Manila,5.8,0.0,0.0,0.0,0.0,0.0,0.0,0.0,0.0,0.0,0.0,0.0,0.0,0.0,0.0,0.0,0.0
Barangay 728,Manila,7.4,1.176,4.706,5.882,5.882,7.059,4.706,7.059,4.706,0.1,0.3,0.4,0.4,0.5,0.3,0.5,0.3
Barangay 729,Manila,3.1,13.889,19.444,22.222,13.889,19.444,11.111,13.889,13.889,0.4,0.6,0.7,0.4,0.6,0.3,0.4,0.4
Barangay 730,Manila,4.8,0.0,0.0,0.0,0.0,0.0,0.0,0.0,1.818,0.0,0.0,0.0,0.0,0.0,0.0,0.0,0.1
Barangay 755,Manila,3.3,0.0,0.0,0.0,0.0,0.0,0.0,0.0,2.632,0.0,0.0,0.0,0.0,0.0,0.0,0.0,0.1
Barangay 756,Manila,2.7,0.0,0.0,0.0,0.0,3.226,0.0,0.0,0.0,0.0,0.0,0.0,0.0,0.1,0.0,0.0,0.0
Barangay 757,Manila,1.3,0.0,6.667,0.0,0.0,0.0,6.667,0.0,0.0,0.0,0.1,0.0,0.0,0.0,0.1,0.0,0.0
Barangay 758,Manila,1.7,0.0,0.0,0.0,0.0,0.0,0.0,0.0,0.0,0.0,0.0,0.0,0.0,0.0,0.0,0.0,0.0
Barangay 760,Manila,2.9,0.0,0.0,0.0,0.0,0.0,0.0,0.0,0.0,0.0,0.0,0.0,0.0,0.0,0.0,0.0,0.0
Barangay 761,Manila,3.1,0.0,0.0,0.0,0.0,0.0,0.0,0.0,0.0,0.0,0.0,0.0,0.0,0.0,0.0,0.0,0.0
Barangay 762,Manila,2.6,0.0,3.333,3.333,3.333,6.667,3.333,3.333,3.333,0.0,0.1,0.1,0.1,0.2,0.1,0.1,0.1
Barangay 873,Manila,2.4,10.714,10.714,10.714,10.714,14.286,7.143,10.714,14.286,0.3,0.3,0.3,0.3,0.3,0.2,0.3,0.3
Barangay 876,Manila,3.4,7.692,10.256,10.256,5.128,7.692,7.692,12.821,7.692,0.3,0.3,0.3,0.2,0.3,0.3,0.4,0.3
Barangay 879,Manila,4.8,1.818,3.636,3.636,1.818,0.0,0.0,1.818,1.818,0.1,0.2,0.2,0.1,0.0,0.0,0.1,0.1
Barangay 884,Manila,5.7,0.0,1.538,0.0,0.0,0.0,0.0,0.0,0.0,0.0,0.1,0.0,0.0,0.0,0.0,0.0,0.0
Barangka,Marikina,74.9,15.0,17.209,18.605,16.744,15.93,16.047,17.209,12.442,11.2,12.9,13.9,12.5,11.9,12.0,12.9,9.3
Concepcion Dos,Marikina,196.6,5.184,7.311,7.089,6.868,6.69,6.823,5.893,5.317,10.2,14.4,13.9,13.5,13.2,13.4,11.6,10.5
Concepcion Uno,Marikina,231.4,3.463,4.516,4.968,4.253,4.479,4.78,4.8,3.237,8.0,10.5,11.5,9.8,10.4,11.1,11.1,7.5
Fortune,Marikina,198.0,15.178,18.214,17.642,18.522,17.818,17.885,19.314,15.574,30.0,36.1,34.9,36.7,35.3,35.4,38.2,30.8
Jesus Dela Peña,Marikina,97.5,10.536,11.607,13.214,11.071,11.429,9.196,9.821,8.49,10.3,11.3,12.9,10.8,11.1,9.0,9.6,8.3
Malanday,Marikina,151.7,5.454,6.142,7.233,7.405,6.2,6.315,6.372,4.822,8.3,9.3,11.0,11.2,9.4,9.6,9.7,7.3
Marikina Heights,Marikina,239.4,18.043,22.226,21.79,21.244,21.28,23.354,22.861,16.842,43.2,53.2,52.2,50.9,51.0,55.9,54.7,40.3
Nangka,Marikina,173.8,4.862,5.514,6.266,7.168,6.566,7.118,8.275,5.664,8.4,9.6,10.9,12.5,11.4,12.4,14.4,9.8
Parang,Marikina,174.6,12.569,13.367,14.963,14.464,13.666,14.464,14.414,12.768,21.9,23.3,26.1,25.3,23.9,25.3,25.2,22.3
San Roque,Marikina,110.0,3.88,4.83,6.888,5.701,7.284,5.701,6.888,4.355,4.3,5.3,7.6,6.3,8.0,6.3,7.6,4.8
Santa Elena,Marikina,59.7,2.467,3.483,4.644,4.79,4.209,4.499,4.81,3.936,1.5,2.1,2.8,2.9,2.5,2.7,2.9,2.4
Santo Niño,Marikina,158.1,2.532,4.733,5.449,5.559,4.953,5.889,6.054,3.691,4.0,7.5,8.6,8.8,7.8,9.3,9.6,5.8
Tañong,Marikina,85.5,8.045,9.063,10.285,11.1,8.35,8.147,9.165,5.906,6.9,7.8,8.8,9.5,7.1,7.0,7.8,5.1
Tumana,Marikina,162.6,7.874,11.302,9.748,10.552,9.855,11.141,11.891,6.588,12.8,18.4,15.9,17.2,16.0,18.1,19.3,10.7
Alabang,Muntinlupa,395.9,15.743,15.853,16.953,17.678,17.202,15.15,16.152,15.288,62.4,62.8,67.1,70.0,68.1,60.0,63.8,60.5
Ayala Alabang,Muntinlupa,493.8,27.12,26.591,29.519,29.942,30.506,28.619,28.765,27.531,134.0,131.3,145.8,147.9,150.7,141.4,142.1,136.0
Bayanan,Muntinlupa,75.2,4.056,3.592,4.056,5.098,5.91,4.635,3.244,3.129,3.0,2.7,3.0,3.8,4.4,3.5,2.4,2.4
Buli,Muntinlupa,41.1,2.966,3.178,2.119,3.814,4.459,3.178,2.985,2.542,1.2,1.3,0.9,1.6,1.8,1.3,1.2,1.0
Cupang,Muntinlupa,537.5,17.722,17.52,19.383,20.726,21.832,17.327,18.488,15.992,95.1,94.1,104.6,110.9,117.1,92.9,98.6,86.0
Putatan,Muntinlupa,137.8,10.936,10.936,12.263,12.516,13.401,10.809,10.746,8.976,15.1,15.1,16.9,17.2,18.5,14.9,14.8,12.4
Sucat,Muntinlupa,277.7,12.1,12.414,13.668,15.464,17.404,12.665,15.773,13.206,33.6,34.5,38.0,42.9,48.3,35.2,43.5,36.7
NBBS Dagat-Dagatan,Navotas,40.4,0.0,0.0,0.216,0.0,0.216,0.0,0.431,0.0,0.0,0.0,0.1,0.0,0.1,0.0,0.2,0.0
San Rafael Village,Navotas,42.3,0.206,0.412,0.206,0.0,0.206,0.0,0.412,0.206,0.1,0.2,0.1,0.0,0.1,0.0,0.2,0.1
Tanza,Navotas,515.0,3.535,3.45,4.702,3.687,2.74,1.894,1.894,1.793,18.2,17.8,24.2,19.0,14.1,9.8,9.8,9.2
BF Homes,Paranaque,738.0,8.014,8.226,9.052,9.928,11.519,7.743,9.452,8.25,59.1,60.7,66.8,73.2,85.0,57.1,69.7,60.9
Baclaran,Paranaque,155.3,1.795,2.187,2.131,1.907,2.356,1.458,1.795,1.626,2.8,3.4,3.3,3.0,3.7,2.3,2.8,2.5
Don Bosco,Paranaque,378.4,5.567,7.179,7.016,8.029,8.56,6.188,7.243,7.434,21.1,27.2,26.6,30.4,32.4,23.4,27.3,28.1
Don Galo,Paranaque,146.0,12.351,14.976,14.916,13.902,16.766,12.888,16.885,14.558,18.0,21.9,21.8,20.3,24.5,18.8,24.6,21.3
La Huerta,Paranaque,77.9,1.323,2.095,1.874,1.654,2.21,1.764,2.539,2.905,1.0,1.7,1.5,1.3,1.7,1.4,2.0,2.3
Marcelo Green Village,Paranaque,304.7,8.45,9.452,9.392,10.66,11.311,8.735,10.532,9.317,25.8,28.8,28.7,32.5,34.5,26.7,31.9,28.4
Merville,Paranaque,308.9,8.796,10.09,10.654,11.619,11.825,8.78,10.051,9.586,27.2,31.2,32.9,35.9,36.4,27.1,30.9,29.6
Moonwalk,Paranaque,447.2,7.653,9.426,9.482,10.728,12.171,8.647,11.033,11.1,34.2,42.2,42.4,48.0,54.4,38.7,49.3,49.6
San Antonio,Paranaque,311.5,4.132,5.172,4.685,5.84,6.334,4.157,5.836,5.004,12.9,16.1,14.6,18.2,19.8,13.0,18.2,15.6
San Dionisio,Paranaque,356.9,12.885,14.174,12.881,12.954,14.132,12.402,13.863,13.397,45.9,50.5,46.0,46.2,50.4,44.2,49.4,47.8
San Isidro,Paranaque,274.0,8.063,9.463,9.524,10.67,11.249,8.709,9.727,9.758,22.1,26.0,26.1,29.3,30.8,23.9,26.7,26.7
San Martin de Porres,Paranaque,161.8,8.651,10.854,9.995,11.768,13.057,10.645,10.296,10.764,14.0,17.6,16.2,19.1,21.2,17.2,16.6,17.4
Santo Niño,Paranaque,260.0,1.273,1.441,1.039,1.273,1.61,1.273,1.843,1.642,3.3,3.7,2.7,3.3,4.2,3.3,4.8,4.3
Sun Valley,Paranaque,190.3,5.858,6.682,6.911,7.735,7.643,5.952,6.914,7.002,11.1,12.7,13.2,14.7,14.5,11.3,13.2,13.3
Tambo,Paranaque,364.8,3.889,5.035,4.486,4.463,6.466,4.08,6.156,5.158,14.2,18.4,16.4,16.3,23.6,14.9,22.5,18.8
Vitalez,Paranaque,21.0,2.905,4.149,3.734,3.734,3.734,4.149,4.149,4.564,0.6,0.9,0.8,0.8,0.8,0.9,0.9,1.0
Barangay 1,Pasay,3.5,0.0,0.0,0.0,0.0,0.0,0.0,0.0,0.0,0.0,0.0,0.0,0.0,0.0,0.0,0.0,0.0
Barangay 10,Pasay,3.3,0.0,0.0,0.0,0.0,0.0,0.0,2.632,2.632,0.0,0.0,0.0,0.0,0.0,0.0,0.1,0.1
Barangay 100,Pasay,3.1,19.444,22.222,22.222,16.667,16.667,16.667,22.222,25.0,0.6,0.7,0.7,0.5,0.5,0.5,0.7,0.8
Barangay 101,Pasay,1.7,5.263,5.263,10.526,5.263,10.526,0.0,5.263,0.0,0.1,0.1,0.2,0.1,0.2,0.0,0.1,0.0
Barangay 102,Pasay,1.0,0.0,0.0,0.0,0.0,0.0,0.0,0.0,0.0,0.0,0.0,0.0,0.0,0.0,0.0,0.0,0.0
Barangay 103,Pasay,1.5,17.647,29.412,23.529,17.647,17.647,17.647,17.647,17.647,0.3,0.4,0.3,0.3,0.3,0.3,0.3,0.3
Barangay 104,Pasay,2.6,6.667,6.667,6.667,6.667,3.333,6.667,13.333,10.0,0.2,0.2,0.2,0.2,0.1,0.2,0.3,0.3
Barangay 105,Pasay,1.0,0.0,0.0,0.0,0.0,0.0,0.0,0.0,0.0,0.0,0.0,0.0,0.0,0.0,0.0,0.0,0.0
Barangay 106,Pasay,1.1,0.0,0.0,0.0,0.0,0.0,0.0,0.0,0.0,0.0,0.0,0.0,0.0,0.0,0.0,0.0,0.0
Barangay 107,Pasay,2.4,7.407,7.407,3.704,3.704,7.407,7.407,7.407,3.704,0.2,0.2,0.1,0.1,0.2,0.2,0.2,0.1
Barangay 108,Pasay,3.0,0.0,0.0,0.0,0.0,0.0,2.857,2.857,0.0,0.0,0.0,0.0,0.0,0.0,0.1,0.1,0.0
Barangay 109,Pasay,0.9,0.0,0.0,0.0,0.0,0.0,0.0,0.0,0.0,0.0,0.0,0.0,0.0,0.0,0.0,0.0,0.0
Barangay 11,Pasay,2.0,0.0,0.0,0.0,0.0,0.0,0.0,0.0,0.0,0.0,0.0,0.0,0.0,0.0,0.0,0.0,0.0
Barangay 110,Pasay,1.9,0.0,0.0,0.0,0.0,0.0,0.0,0.0,0.0,0.0,0.0,0.0,0.0,0.0,0.0,0.0,0.0
Barangay 111,Pasay,1.6,0.0,0.0,0.0,0.0,0.0,0.0,0.0,0.0,0.0,0.0,0.0,0.0,0.0,0.0,0.0,0.0
Barangay 112,Pasay,1.1,7.692,0.0,0.0,0.0,0.0,0.0,0.0,0.0,0.1,0.0,0.0,0.0,0.0,0.0,0.0,0.0
Barangay 113,Pasay,3.1,0.0,0.0,0.0,0.0,0.0,2.778,0.0,0.0,0.0,0.0,0.0,0.0,0.0,0.1,0.0,0.0
Barangay 114,Pasay,2.4,7.407,11.111,11.111,14.815,22.222,22.222,25.926,25.926,0.2,0.3,0.3,0.3,0.5,0.5,0.6,0.6
Barangay 115,Pasay,4.7,3.704,3.704,1.852,1.852,7.407,1.852,1.852,1.852,0.2,0.2,0.1,0.1,0.3,0.1,0.1,0.1
Barangay 116,Pasay,0.5,0.0,0.0,0.0,0.0,0.0,0.0,0.0,0.0,0.0,0.0,0.0,0.0,0.0,0.0,0.0,0.0
Barangay 117,Pasay,1.1,0.0,0.0,0.0,0.0,0.0,0.0,0.0,0.0,0.0,0.0,0.0,0.0,0.0,0.0,0.0,0.0
Barangay 118,Pasay,2.4,3.704,3.704,0.0,0.0,0.0,0.0,0.0,0.0,0.1,0.1,0.0,0.0,0.0,0.0,0.0,0.0
Barangay 119,Pasay,3.0,0.0,0.0,0.0,0.0,0.0,0.0,0.0,0.0,0.0,0.0,0.0,0.0,0.0,0.0,0.0,0.0
Barangay 12,Pasay,2.1,0.0,0.0,0.0,0.0,0.0,0.0,4.167,4.167,0.0,0.0,0.0,0.0,0.0,0.0,0.1,0.1
Barangay 120,Pasay,3.3,5.263,0.0,0.0,5.263,0.0,2.632,5.263,5.263,0.2,0.0,0.0,0.2,0.0,0.1,0.2,0.2
Barangay 121,Pasay,1.9,0.0,0.0,0.0,0.0,0.0,0.0,0.0,0.0,0.0,0.0,0.0,0.0,0.0,0.0,0.0,0.0
Barangay 122,Pasay,1.6,5.556,5.556,5.556,5.556,5.556,5.556,5.556,5.556,0.1,0.1,0.1,0.1,0.1,0.1,0.1,0.1
Barangay 123,Pasay,1.4,6.25,6.25,0.0,0.0,6.25,12.5,12.5,12.5,0.1,0.1,0.0,0.0,0.1,0.2,0.2,0.2
Barangay 124,Pasay,2.0,0.0,0.0,0.0,0.0,0.0,0.0,0.0,4.348,0.0,0.0,0.0,0.0,0.0,0.0,0.0,0.1
Barangay 125,Pasay,2.5,0.0,0.0,0.0,0.0,0.0,0.0,0.0,0.0,0.0,0.0,0.0,0.0,0.0,0.0,0.0,0.0
Barangay 126,Pasay,1.0,0.0,0.0,0.0,0.0,0.0,0.0,0.0,0.0,0.0,0.0,0.0,0.0,0.0,0.0,0.0,0.0
Barangay 127,Pasay,2.7,0.0,0.0,3.226,6.452,6.452,6.452,9.677,9.677,0.0,0.0,0.1,0.2,0.2,0.2,0.3,0.3
Barangay 128,Pasay,1.5,5.882,5.882,5.882,11.765,11.765,11.765,11.765,11.765,0.1,0.1,0.1,0.2,0.2,0.2,0.2,0.2
Barangay 129,Pasay,1.2,0.0,0.0,0.0,0.0,0.0,0.0,7.143,7.143,0.0,0.0,0.0,0.0,0.0,0.0,0.1,0.1
Barangay 13,Pasay,15.9,3.846,4.945,4.396,4.396,6.044,4.945,5.028,9.89,0.6,0.8,0.7,0.7,1.0,0.8,0.8,1.6
Barangay 130,Pasay,3.7,0.0,2.381,0.0,0.0,0.0,0.0,0.0,2.381,0.0,0.1,0.0,0.0,0.0,0.0,0.0,0.1
Barangay 131,Pasay,3.1,0.0,0.0,2.778,0.0,0.0,0.0,2.778,0.0,0.0,0.0,0.1,0.0,0.0,0.0,0.1,0.0
Barangay 132,Pasay,0.7,0.0,0.0,0.0,0.0,0.0,0.0,0.0,0.0,0.0,0.0,0.0,0.0,0.0,0.0,0.0,0.0
Barangay 133,Pasay,2.2,0.0,0.0,0.0,0.0,0.0,0.0,0.0,0.0,0.0,0.0,0.0,0.0,0.0,0.0,0.0,0.0
Barangay 134,Pasay,3.4,0.0,0.0,0.0,0.0,2.564,0.0,2.564,2.564,0.0,0.0,0.0,0.0,0.1,0.0,0.1,0.1
Barangay 135,Pasay,4.4,12.0,16.0,18.0,24.0,16.0,12.0,18.0,16.0,0.5,0.7,0.8,1.0,0.7,0.5,0.8,0.7
Barangay 136,Pasay,3.4,0.0,0.0,0.0,0.0,0.0,0.0,0.0,0.0,0.0,0.0,0.0,0.0,0.0,0.0,0.0,0.0
Barangay 137,Pasay,2.7,0.0,3.226,3.226,3.226,3.226,3.226,3.226,3.226,0.0,0.1,0.1,0.1,0.1,0.1,0.1,0.1
Barangay 138,Pasay,1.3,0.0,0.0,0.0,0.0,0.0,0.0,0.0,0.0,0.0,0.0,0.0,0.0,0.0,0.0,0.0,0.0
Barangay 139,Pasay,1.2,0.0,0.0,0.0,0.0,0.0,0.0,0.0,0.0,0.0,0.0,0.0,0.0,0.0,0.0,0.0,0.0
Barangay 14,Pasay,2.6,0.0,0.0,0.0,0.0,0.0,0.0,0.0,0.0,0.0,0.0,0.0,0.0,0.0,0.0,0.0,0.0
Barangay 140,Pasay,1.2,0.0,0.0,0.0,0.0,0.0,0.0,0.0,0.0,0.0,0.0,0.0,0.0,0.0,0.0,0.0,0.0
Barangay 141,Pasay,1.7,0.0,0.0,0.0,0.0,0.0,0.0,0.0,0.0,0.0,0.0,0.0,0.0,0.0,0.0,0.0,0.0
Barangay 142,Pasay,1.1,0.0,0.0,0.0,0.0,0.0,0.0,0.0,0.0,0.0,0.0,0.0,0.0,0.0,0.0,0.0,0.0
Barangay 143,Pasay,6.2,0.0,0.0,1.408,0.0,1.408,2.817,5.634,1.408,0.0,0.0,0.1,0.0,0.1,0.2,0.3,0.1
Barangay 144,Pasay,6.1,0.0,0.0,0.0,0.0,0.0,0.0,0.0,1.429,0.0,0.0,0.0,0.0,0.0,0.0,0.0,0.1
Barangay 145,Pasay,3.0,0.0,0.0,0.0,0.0,0.0,0.0,0.0,0.0,0.0,0.0,0.0,0.0,0.0,0.0,0.0,0.0
Barangay 146,Pasay,5.6,1.562,0.0,0.0,0.0,1.562,0.0,1.562,0.0,0.1,0.0,0.0,0.0,0.1,0.0,0.1,0.0
Barangay 147,Pasay,3.7,0.0,0.0,0.0,0.0,0.0,0.0,0.0,0.0,0.0,0.0,0.0,0.0,0.0,0.0,0.0,0.0
Barangay 148,Pasay,9.1,0.0,0.962,1.923,4.808,2.885,4.808,2.885,2.885,0.0,0.1,0.2,0.4,0.3,0.4,0.3,0.3
Barangay 149,Pasay,1.2,0.0,0.0,0.0,0.0,0.0,0.0,0.0,0.0,0.0,0.0,0.0,0.0,0.0,0.0,0.0,0.0
Barangay 15,Pasay,3.3,0.0,0.0,2.632,2.632,2.632,5.263,2.632,2.632,0.0,0.0,0.1,0.1,0.1,0.2,0.1,0.1
Barangay 150,Pasay,1.7,0.0,0.0,0.0,0.0,0.0,0.0,0.0,0.0,0.0,0.0,0.0,0.0,0.0,0.0,0.0,0.0
Barangay 151,Pasay,2.4,0.0,0.0,0.0,0.0,0.0,0.0,0.0,0.0,0.0,0.0,0.0,0.0,0.0,0.0,0.0,0.0
Barangay 152,Pasay,4.3,2.041,6.122,2.041,2.041,2.041,2.041,4.082,2.041,0.1,0.3,0.1,0.1,0.1,0.1,0.2,0.1
Barangay 153,Pasay,1.8,0.0,0.0,0.0,0.0,0.0,0.0,0.0,0.0,0.0,0.0,0.0,0.0,0.0,0.0,0.0,0.0
Barangay 154,Pasay,0.4,0.0,0.0,0.0,0.0,0.0,0.0,0.0,0.0,0.0,0.0,0.0,0.0,0.0,0.0,0.0,0.0
Barangay 155,Pasay,1.7,0.0,0.0,0.0,0.0,0.0,0.0,0.0,0.0,0.0,0.0,0.0,0.0,0.0,0.0,0.0,0.0
Barangay 156,Pasay,3.6,0.0,0.0,0.0,0.0,0.0,0.0,0.0,0.0,0.0,0.0,0.0,0.0,0.0,0.0,0.0,0.0
Barangay 157,Pasay,2.2,0.0,0.0,0.0,0.0,0.0,0.0,0.0,0.0,0.0,0.0,0.0,0.0,0.0,0.0,0.0,0.0
Barangay 158,Pasay,1.7,5.0,0.0,5.0,0.0,5.0,0.0,0.0,0.0,0.1,0.0,0.1,0.0,0.1,0.0,0.0,0.0
Barangay 159,Pasay,3.1,0.0,0.0,0.0,0.0,0.0,0.0,0.0,0.0,0.0,0.0,0.0,0.0,0.0,0.0,0.0,0.0
Barangay 16,Pasay,1.6,0.0,0.0,0.0,0.0,0.0,0.0,0.0,0.0,0.0,0.0,0.0,0.0,0.0,0.0,0.0,0.0
Barangay 160,Pasay,1.7,0.0,0.0,0.0,0.0,0.0,0.0,0.0,0.0,0.0,0.0,0.0,0.0,0.0,0.0,0.0,0.0
Barangay 161,Pasay,5.9,0.0,1.471,1.471,1.471,1.471,1.471,1.471,1.471,0.0,0.1,0.1,0.1,0.1,0.1,0.1,0.1
Barangay 162,Pasay,3.1,0.0,0.0,0.0,0.0,0.0,0.0,0.0,0.0,0.0,0.0,0.0,0.0,0.0,0.0,0.0,0.0
Barangay 163,Pasay,1.8,0.0,0.0,0.0,0.0,0.0,0.0,0.0,0.0,0.0,0.0,0.0,0.0,0.0,0.0,0.0,0.0
Barangay 164,Pasay,1.8,0.0,0.0,0.0,0.0,0.0,0.0,0.0,4.762,0.0,0.0,0.0,0.0,0.0,0.0,0.0,0.1
Barangay 165,Pasay,6.0,0.0,0.0,0.0,0.0,0.0,0.0,0.0,0.0,0.0,0.0,0.0,0.0,0.0,0.0,0.0,0.0
Barangay 166,Pasay,2.2,0.0,0.0,0.0,0.0,0.0,0.0,0.0,0.0,0.0,0.0,0.0,0.0,0.0,0.0,0.0,0.0
Barangay 167,Pasay,1.3,0.0,0.0,0.0,0.0,0.0,0.0,0.0,0.0,0.0,0.0,0.0,0.0,0.0,0.0,0.0,0.0
Barangay 168,Pasay,2.0,0.0,0.0,0.0,0.0,0.0,0.0,0.0,0.0,0.0,0.0,0.0,0.0,0.0,0.0,0.0,0.0
Barangay 169,Pasay,3.7,0.0,0.0,0.0,0.0,0.0,0.0,2.381,2.381,0.0,0.0,0.0,0.0,0.0,0.0,0.1,0.1
Barangay 17,Pasay,1.0,0.0,0.0,0.0,0.0,0.0,0.0,0.0,0.0,0.0,0.0,0.0,0.0,0.0,0.0,0.0,0.0
Barangay 170,Pasay,1.2,0.0,0.0,0.0,0.0,0.0,0.0,0.0,0.0,0.0,0.0,0.0,0.0,0.0,0.0,0.0,0.0
Barangay 171,Pasay,2.8,0.0,0.0,0.0,0.0,0.0,0.0,0.0,0.0,0.0,0.0,0.0,0.0,0.0,0.0,0.0,0.0
Barangay 172,Pasay,4.9,0.0,0.0,0.0,0.0,0.0,0.0,0.0,0.0,0.0,0.0,0.0,0.0,0.0,0.0,0.0,0.0
Barangay 173,Pasay,3.0,2.857,0.0,0.0,2.857,0.0,0.0,2.857,2.857,0.1,0.0,0.0,0.1,0.0,0.0,0.1,0.1
Barangay 174,Pasay,2.2,4.0,8.0,4.0,8.0,8.0,8.0,4.0,12.0,0.1,0.2,0.1,0.2,0.2,0.2,0.1,0.3
Barangay 175,Pasay,2.2,0.0,0.0,0.0,0.0,0.0,0.0,0.0,0.0,0.0,0.0,0.0,0.0,0.0,0.0,0.0,0.0
Barangay 176,Pasay,1.7,0.0,0.0,0.0,5.263,0.0,5.263,5.263,0.0,0.0,0.0,0.0,0.1,0.0,0.1,0.1,0.0
Barangay 177,Pasay,6.1,4.286,2.857,2.857,4.286,5.714,5.714,2.857,4.286,0.3,0.2,0.2,0.3,0.3,0.3,0.2,0.3
Barangay 178,Pasay,4.2,0.0,0.0,0.0,0.0,0.0,0.0,0.0,0.0,0.0,0.0,0.0,0.0,0.0,0.0,0.0,0.0
Barangay 179,Pasay,4.4,0.0,0.0,0.0,0.0,0.0,0.0,0.0,0.0,0.0,0.0,0.0,0.0,0.0,0.0,0.0,0.0
Barangay 18,Pasay,3.7,0.0,0.0,0.0,0.0,2.381,2.381,0.0,2.381,0.0,0.0,0.0,0.0,0.1,0.1,0.0,0.1
Barangay 180,Pasay,1.0,0.0,0.0,0.0,0.0,0.0,0.0,0.0,9.091,0.0,0.0,0.0,0.0,0.0,0.0,0.0,0.1
Barangay 181,Pasay,1.6,0.0,0.0,0.0,0.0,0.0,0.0,0.0,0.0,0.0,0.0,0.0,0.0,0.0,0.0,0.0,0.0
Barangay 182,Pasay,4.0,0.0,0.0,0.0,0.0,0.0,0.0,0.0,0.0,0.0,0.0,0.0,0.0,0.0,0.0,0.0,0.0
Barangay 183,Pasay,628.6,7.999,9.09,8.248,8.43,9.175,7.943,7.43,7.287,50.3,57.1,51.9,53.0,57.7,49.8,46.6,45.8
Barangay 184,Pasay,14.2,0.0,0.0,0.0,0.0,0.0,0.0,0.0,0.0,0.0,0.0,0.0,0.0,0.0,0.0,0.0,0.0
Barangay 185,Pasay,4.8,1.818,1.818,1.818,1.818,3.636,3.636,1.818,3.636,0.1,0.1,0.1,0.1,0.2,0.2,0.1,0.2
Barangay 186,Pasay,3.7,2.326,2.326,2.326,2.326,2.326,2.326,2.326,2.326,0.1,0.1,0.1,0.1,0.1,0.1,0.1,0.1
Barangay 187,Pasay,1.9,0.0,0.0,0.0,0.0,0.0,0.0,0.0,0.0,0.0,0.0,0.0,0.0,0.0,0.0,0.0,0.0
Barangay 188,Pasay,1.0,0.0,0.0,0.0,0.0,0.0,0.0,0.0,0.0,0.0,0.0,0.0,0.0,0.0,0.0,0.0,0.0
Barangay 189,Pasay,4.4,0.0,0.0,0.0,0.0,0.0,0.0,2.0,2.0,0.0,0.0,0.0,0.0,0.0,0.0,0.1,0.1
Barangay 19,Pasay,1.0,0.0,0.0,0.0,0.0,0.0,0.0,0.0,0.0,0.0,0.0,0.0,0.0,0.0,0.0,0.0,0.0
Barangay 190,Pasay,26.9,0.647,1.294,0.971,0.971,1.618,1.294,0.971,1.294,0.2,0.3,0.3,0.3,0.4,0.3,0.3,0.3
Barangay 191,Pasay,48.1,0.362,0.543,0.725,0.906,2.174,1.268,1.273,1.087,0.2,0.3,0.3,0.4,1.0,0.6,0.6,0.5
Barangay 192,Pasay,8.9,0.98,1.961,0.98,1.961,2.941,0.98,3.922,3.922,0.1,0.2,0.1,0.2,0.3,0.1,0.3,0.3
Barangay 193,Pasay,5.8,13.433,11.94,11.94,10.448,11.94,10.448,11.94,11.94,0.8,0.7,0.7,0.6,0.7,0.6,0.7,0.7
Barangay 194,Pasay,5.7,0.0,0.0,1.515,0.0,0.0,0.0,0.0,0.0,0.0,0.0,0.1,0.0,0.0,0.0,0.0,0.0
Barangay 195,Pasay,2.4,3.704,3.704,3.704,0.0,7.407,0.0,7.407,3.704,0.1,0.1,0.1,0.0,0.2,0.0,0.2,0.1
Barangay 196,Pasay,2.0,0.0,0.0,0.0,0.0,0.0,4.348,4.348,0.0,0.0,0.0,0.0,0.0,0.0,0.1,0.1,0.0
Barangay 197,Pasay,8.5,2.041,4.082,5.102,5.102,5.102,4.082,6.122,5.102,0.2,0.3,0.4,0.4,0.4,0.3,0.5,0.4
Barangay 198,Pasay,49.5,40.141,40.845,40.845,43.486,44.718,41.901,11.62,4.93,19.9,20.2,20.2,21.5,22.1,20.7,5.7,2.4
Barangay 199,Pasay,2.6,0.0,0.0,0.0,0.0,0.0,0.0,0.0,0.0,0.0,0.0,0.0,0.0,0.0,0.0,0.0,0.0
Barangay 2,Pasay,2.2,0.0,0.0,0.0,0.0,0.0,0.0,4.0,0.0,0.0,0.0,0.0,0.0,0.0,0.0,0.1,0.0
Barangay 20,Pasay,3.5,0.0,0.0,0.0,0.0,0.0,0.0,0.0,0.0,0.0,0.0,0.0,0.0,0.0,0.0,0.0,0.0
Barangay 200,Pasay,1.0,0.0,0.0,0.0,0.0,0.0,0.0,0.0,0.0,0.0,0.0,0.0,0.0,0.0,0.0,0.0,0.0
Barangay 201,Pasay,36.4,3.11,6.22,4.067,5.502,5.024,5.263,7.177,5.981,1.1,2.3,1.5,2.0,1.8,1.9,2.6,2.2
Barangay 21,Pasay,1.8,0.0,0.0,0.0,0.0,0.0,0.0,0.0,0.0,0.0,0.0,0.0,0.0,0.0,0.0,0.0,0.0
Barangay 22,Pasay,0.9,0.0,0.0,0.0,0.0,0.0,0.0,0.0,0.0,0.0,0.0,0.0,0.0,0.0,0.0,0.0,0.0
Barangay 23,Pasay,4.3,4.082,4.082,4.082,2.041,4.082,6.122,6.122,4.082,0.2,0.2,0.2,0.1,0.2,0.3,0.3,0.2
Barangay 24,Pasay,2.9,0.0,0.0,0.0,0.0,9.091,0.0,3.03,3.03,0.0,0.0,0.0,0.0,0.3,0.0,0.1,0.1
Barangay 25,Pasay,3.1,0.0,0.0,0.0,0.0,0.0,0.0,0.0,2.778,0.0,0.0,0.0,0.0,0.0,0.0,0.0,0.1
Barangay 26,Pasay,1.9,0.0,0.0,0.0,0.0,0.0,0.0,0.0,0.0,0.0,0.0,0.0,0.0,0.0,0.0,0.0,0.0
Barangay 27,Pasay,3.1,11.111,5.556,5.556,5.556,8.333,8.333,11.111,13.889,0.3,0.2,0.2,0.2,0.3,0.3,0.3,0.4
Barangay 28,Pasay,2.1,0.0,0.0,0.0,0.0,0.0,0.0,0.0,0.0,0.0,0.0,0.0,0.0,0.0,0.0,0.0,0.0
Barangay 29,Pasay,2.5,0.0,0.0,3.448,0.0,0.0,0.0,0.0,3.448,0.0,0.0,0.1,0.0,0.0,0.0,0.0,0.1
Barangay 3,Pasay,2.0,0.0,4.348,4.348,0.0,8.696,4.348,4.348,8.696,0.0,0.1,0.1,0.0,0.2,0.1,0.1,0.2
Barangay 30,Pasay,1.4,0.0,0.0,0.0,0.0,0.0,0.0,0.0,0.0,0.0,0.0,0.0,0.0,0.0,0.0,0.0,0.0
Barangay 31,Pasay,2.9,3.03,6.061,6.061,6.061,6.061,3.03,6.061,6.061,0.1,0.2,0.2,0.2,0.2,0.1,0.2,0.2
Barangay 32,Pasay,1.7,0.0,0.0,0.0,0.0,0.0,0.0,0.0,0.0,0.0,0.0,0.0,0.0,0.0,0.0,0.0,0.0
Barangay 33,Pasay,7.5,3.488,5.814,3.488,2.326,3.488,3.488,2.326,4.651,0.3,0.4,0.3,0.2,0.3,0.3,0.2,0.3
Barangay 34,Pasay,3.7,23.81,23.81,23.81,21.429,21.429,21.429,19.048,21.429,0.9,0.9,0.9,0.8,0.8,0.8,0.7,0.8
Barangay 35,Pasay,2.8,0.0,0.0,0.0,0.0,0.0,0.0,0.0,0.0,0.0,0.0,0.0,0.0,0.0,0.0,0.0,0.0
Barangay 36,Pasay,3.2,0.0,2.703,2.703,0.0,2.703,2.703,0.0,2.703,0.0,0.1,0.1,0.0,0.1,0.1,0.0,0.1
Barangay 37,Pasay,5.1,5.172,6.897,6.897,8.621,6.897,5.172,6.897,5.172,0.3,0.3,0.3,0.4,0.3,0.3,0.3,0.3
Barangay 38,Pasay,10.1,0.862,0.862,1.724,0.862,0.862,0.862,2.586,1.724,0.1,0.1,0.2,0.1,0.1,0.1,0.3,0.2
Barangay 39,Pasay,4.9,0.0,3.571,3.571,0.0,3.571,3.571,3.571,3.571,0.0,0.2,0.2,0.0,0.2,0.2,0.2,0.2
Barangay 4,Pasay,2.7,0.0,0.0,0.0,0.0,0.0,0.0,0.0,0.0,0.0,0.0,0.0,0.0,0.0,0.0,0.0,0.0
Barangay 40,Pasay,5.3,0.0,0.0,0.0,0.0,0.0,1.639,3.279,0.0,0.0,0.0,0.0,0.0,0.0,0.1,0.2,0.0
Barangay 41,Pasay,3.7,2.326,2.326,2.326,2.326,4.651,2.326,2.326,2.326,0.1,0.1,0.1,0.1,0.2,0.1,0.1,0.1
Barangay 42,Pasay,2.4,0.0,0.0,0.0,0.0,0.0,7.143,0.0,3.571,0.0,0.0,0.0,0.0,0.0,0.2,0.0,0.1
Barangay 43,Pasay,1.7,0.0,0.0,0.0,0.0,0.0,0.0,0.0,0.0,0.0,0.0,0.0,0.0,0.0,0.0,0.0,0.0
Barangay 44,Pasay,5.8,0.0,0.0,0.0,0.0,0.0,0.0,0.0,1.493,0.0,0.0,0.0,0.0,0.0,0.0,0.0,0.1
Barangay 45,Pasay,3.0,5.714,8.571,5.714,0.0,2.857,0.0,0.0,2.857,0.2,0.3,0.2,0.0,0.1,0.0,0.0,0.1
Barangay 46,Pasay,3.8,4.545,2.273,4.545,11.364,13.636,11.364,6.818,6.818,0.2,0.1,0.2,0.4,0.5,0.4,0.3,0.3
Barangay 47,Pasay,5.2,0.0,0.0,0.0,1.667,1.667,3.333,1.667,3.333,0.0,0.0,0.0,0.1,0.1,0.2,0.1,0.2
Barangay 48,Pasay,2.1,0.0,0.0,0.0,0.0,0.0,0.0,0.0,4.167,0.0,0.0,0.0,0.0,0.0,0.0,0.0,0.1
Barangay 49,Pasay,3.6,4.878,2.439,2.439,4.878,4.878,4.878,2.439,7.317,0.2,0.1,0.1,0.2,0.2,0.2,0.1,0.3
Barangay 5,Pasay,2.1,0.0,0.0,4.167,4.167,4.167,8.333,0.0,4.167,0.0,0.0,0.1,0.1,0.1,0.2,0.0,0.1
Barangay 50,Pasay,0.8,0.0,0.0,0.0,0.0,0.0,0.0,0.0,11.111,0.0,0.0,0.0,0.0,0.0,0.0,0.0,0.1
Barangay 51,Pasay,2.5,3.448,3.448,0.0,3.448,3.448,6.897,3.448,6.897,0.1,0.1,0.0,0.1,0.1,0.2,0.1,0.2
Barangay 52,Pasay,3.1,0.0,0.0,0.0,0.0,0.0,0.0,0.0,0.0,0.0,0.0,0.0,0.0,0.0,0.0,0.0,0.0
Barangay 53,Pasay,1.0,0.0,0.0,0.0,0.0,0.0,0.0,0.0,0.0,0.0,0.0,0.0,0.0,0.0,0.0,0.0,0.0
Barangay 54,Pasay,1.6,5.556,5.556,11.111,0.0,0.0,0.0,5.556,5.556,0.1,0.1,0.2,0.0,0.0,0.0,0.1,0.1
Barangay 55,Pasay,2.1,0.0,0.0,0.0,0.0,0.0,0.0,0.0,0.0,0.0,0.0,0.0,0.0,0.0,0.0,0.0,0.0
Barangay 56,Pasay,1.8,0.0,0.0,0.0,0.0,0.0,0.0,0.0,0.0,0.0,0.0,0.0,0.0,0.0,0.0,0.0,0.0
Barangay 57,Pasay,1.4,0.0,6.25,6.25,6.25,6.25,6.25,12.5,12.5,0.0,0.1,0.1,0.1,0.1,0.1,0.2,0.2
Barangay 58,Pasay,4.4,2.0,4.0,2.0,2.0,4.0,0.0,0.0,4.0,0.1,0.2,0.1,0.1,0.2,0.0,0.0,0.2
Barangay 59,Pasay,3.7,0.0,0.0,0.0,0.0,2.326,0.0,2.326,2.326,0.0,0.0,0.0,0.0,0.1,0.0,0.1,0.1
Barangay 6,Pasay,1.7,0.0,0.0,0.0,0.0,0.0,0.0,0.0,0.0,0.0,0.0,0.0,0.0,0.0,0.0,0.0,0.0
Barangay 60,Pasay,3.2,0.0,0.0,0.0,0.0,0.0,0.0,0.0,0.0,0.0,0.0,0.0,0.0,0.0,0.0,0.0,0.0
Barangay 61,Pasay,0.8,0.0,0.0,0.0,0.0,0.0,0.0,0.0,0.0,0.0,0.0,0.0,0.0,0.0,0.0,0.0,0.0
Barangay 62,Pasay,2.4,0.0,0.0,0.0,0.0,0.0,0.0,0.0,0.0,0.0,0.0,0.0,0.0,0.0,0.0,0.0,0.0
Barangay 63,Pasay,1.0,0.0,0.0,0.0,0.0,0.0,0.0,0.0,0.0,0.0,0.0,0.0,0.0,0.0,0.0,0.0,0.0
Barangay 64,Pasay,1.1,0.0,0.0,0.0,0.0,0.0,0.0,0.0,0.0,0.0,0.0,0.0,0.0,0.0,0.0,0.0,0.0
Barangay 65,Pasay,2.9,0.0,0.0,0.0,0.0,0.0,0.0,0.0,0.0,0.0,0.0,0.0,0.0,0.0,0.0,0.0,0.0
Barangay 66,Pasay,2.9,3.03,6.061,6.061,6.061,3.03,3.03,0.0,6.061,0.1,0.2,0.2,0.2,0.1,0.1,0.0,0.2
Barangay 67,Pasay,2.7,0.0,0.0,0.0,0.0,0.0,0.0,0.0,0.0,0.0,0.0,0.0,0.0,0.0,0.0,0.0,0.0
Barangay 68,Pasay,1.5,0.0,0.0,0.0,0.0,0.0,0.0,0.0,0.0,0.0,0.0,0.0,0.0,0.0,0.0,0.0,0.0
Barangay 69,Pasay,1.2,0.0,0.0,0.0,0.0,0.0,0.0,0.0,0.0,0.0,0.0,0.0,0.0,0.0,0.0,0.0,0.0
Barangay 7,Pasay,2.9,0.0,0.0,3.03,3.03,0.0,0.0,0.0,0.0,0.0,0.0,0.1,0.1,0.0,0.0,0.0,0.0
Barangay 70,Pasay,6.6,2.632,2.632,5.263,3.947,2.632,2.632,2.632,5.263,0.2,0.2,0.3,0.3,0.2,0.2,0.2,0.3
Barangay 71,Pasay,1.3,0.0,0.0,0.0,0.0,0.0,0.0,0.0,0.0,0.0,0.0,0.0,0.0,0.0,0.0,0.0,0.0
Barangay 72,Pasay,1.9,0.0,0.0,0.0,0.0,0.0,0.0,4.545,4.545,0.0,0.0,0.0,0.0,0.0,0.0,0.1,0.1
Barangay 73,Pasay,6.6,22.368,28.947,25.0,22.368,28.947,26.316,28.947,32.895,1.5,1.9,1.7,1.5,1.9,1.7,1.9,2.2
Barangay 74,Pasay,3.3,15.789,15.789,18.421,15.789,13.158,13.158,15.789,18.421,0.5,0.5,0.6,0.5,0.4,0.4,0.5,0.6
Barangay 75,Pasay,9.6,4.545,8.182,7.273,8.182,8.182,8.182,9.091,10.0,0.4,0.8,0.7,0.8,0.8,0.8,0.9,1.0
Barangay 76,Pasay,418.4,4.7,6.158,6.51,7.571,8.278,6.74,7.635,7.077,19.7,25.8,27.3,31.7,34.7,28.2,32.0,29.6
Barangay 77,Pasay,5.0,0.0,0.0,0.0,0.0,0.0,0.0,0.0,0.0,0.0,0.0,0.0,0.0,0.0,0.0,0.0,0.0
Barangay 78,Pasay,4.1,0.0,0.0,0.0,0.0,0.0,0.0,0.0,0.0,0.0,0.0,0.0,0.0,0.0,0.0,0.0,0.0
Barangay 79,Pasay,4.4,0.0,0.0,0.0,0.0,0.0,0.0,0.0,0.0,0.0,0.0,0.0,0.0,0.0,0.0,0.0,0.0
Barangay 8,Pasay,2.4,0.0,0.0,0.0,0.0,0.0,0.0,0.0,0.0,0.0,0.0,0.0,0.0,0.0,0.0,0.0,0.0
Barangay 80,Pasay,2.5,3.448,10.345,6.897,6.897,10.345,10.345,10.345,13.793,0.1,0.3,0.2,0.2,0.3,0.3,0.3,0.3
Barangay 81,Pasay,1.7,0.0,0.0,0.0,0.0,0.0,0.0,0.0,0.0,0.0,0.0,0.0,0.0,0.0,0.0,0.0,0.0
Barangay 82,Pasay,0.8,0.0,0.0,0.0,0.0,0.0,0.0,0.0,0.0,0.0,0.0,0.0,0.0,0.0,0.0,0.0,0.0
Barangay 83,Pasay,2.3,0.0,0.0,0.0,0.0,0.0,0.0,0.0,0.0,0.0,0.0,0.0,0.0,0.0,0.0,0.0,0.0
Barangay 84,Pasay,1.5,0.0,0.0,0.0,0.0,0.0,0.0,0.0,0.0,0.0,0.0,0.0,0.0,0.0,0.0,0.0,0.0
Barangay 85,Pasay,4.4,5.882,7.843,5.882,3.922,1.961,1.961,1.961,1.961,0.3,0.3,0.3,0.2,0.1,0.1,0.1,0.1
Barangay 86,Pasay,1.4,6.25,6.25,6.25,0.0,12.5,6.25,6.25,12.5,0.1,0.1,0.1,0.0,0.2,0.1,0.1,0.2
Barangay 87,Pasay,1.1,0.0,0.0,0.0,0.0,0.0,0.0,0.0,0.0,0.0,0.0,0.0,0.0,0.0,0.0,0.0,0.0
Barangay 88,Pasay,3.3,13.158,10.526,13.158,15.789,15.789,15.789,15.789,15.789,0.4,0.3,0.4,0.5,0.5,0.5,0.5,0.5
Barangay 89,Pasay,1.6,5.556,0.0,5.556,0.0,5.556,0.0,0.0,0.0,0.1,0.0,0.1,0.0,0.1,0.0,0.0,0.0
Barangay 9,Pasay,1.4,0.0,6.25,0.0,6.25,6.25,0.0,0.0,6.25,0.0,0.1,0.0,0.1,0.1,0.0,0.0,0.1
Barangay 90,Pasay,2.0,8.696,0.0,4.348,0.0,0.0,4.348,4.348,8.696,0.2,0.0,0.1,0.0,0.0,0.1,0.1,0.2
Barangay 91,Pasay,2.2,0.0,0.0,0.0,4.0,0.0,0.0,0.0,0.0,0.0,0.0,0.0,0.1,0.0,0.0,0.0,0.0
Barangay 92,Pasay,2.2,0.0,0.0,0.0,0.0,4.0,0.0,4.0,0.0,0.0,0.0,0.0,0.0,0.1,0.0,0.1,0.0
Barangay 93,Pasay,3.7,0.0,0.0,0.0,0.0,0.0,0.0,0.0,0.0,0.0,0.0,0.0,0.0,0.0,0.0,0.0,0.0
Barangay 94,Pasay,2.9,0.0,0.0,0.0,0.0,3.03,0.0,0.0,0.0,0.0,0.0,0.0,0.0,0.1,0.0,0.0,0.0
Barangay 95,Pasay,1.9,13.636,18.182,9.091,4.545,4.545,4.545,9.091,9.091,0.3,0.3,0.2,0.1,0.1,0.1,0.2,0.2
Barangay 96,Pasay,2.5,0.0,0.0,0.0,0.0,0.0,0.0,0.0,0.0,0.0,0.0,0.0,0.0,0.0,0.0,0.0,0.0
Barangay 97,Pasay,7.4,0.0,1.176,0.0,0.0,2.353,1.176,1.176,1.176,0.0,0.1,0.0,0.0,0.2,0.1,0.1,0.1
Barangay 98,Pasay,4.5,1.923,0.0,1.923,0.0,0.0,0.0,0.0,0.0,0.1,0.0,0.1,0.0,0.0,0.0,0.0,0.0
Barangay 99,Pasay,2.2,0.0,0.0,0.0,4.0,0.0,0.0,0.0,0.0,0.0,0.0,0.0,0.1,0.0,0.0,0.0,0.0
Bagong Ilog,Pasig,123.2,3.18,4.735,4.099,5.724,5.583,5.654,5.512,5.936,3.9,5.8,5.1,7.1,6.9,7.0,6.8,7.3
Bagong Katipunan,Pasig,1.8,0.0,0.0,0.0,4.762,0.0,4.762,0.0,0.0,0.0,0.0,0.0,0.1,0.0,0.1,0.0,0.0
Buting,Pasig,27.8,1.881,4.389,2.508,3.135,3.762,2.821,4.403,3.448,0.5,1.2,0.7,0.9,1.0,0.8,1.2,1.0
Caniogan,Pasig,97.6,6.78,7.85,7.583,7.939,7.493,7.047,7.761,7.047,6.6,7.7,7.4,7.8,7.3,6.9,7.6,6.9
Dela Paz,Pasig,102.2,3.495,4.007,4.604,4.604,5.456,4.689,5.286,4.177,3.6,4.1,4.7,4.7,5.6,4.8,5.4,4.3
Kalawaan,Pasig,105.6,5.574,7.541,6.311,6.475,6.885,5.984,7.031,6.513,5.9,8.0,6.7,6.9,7.3,6.4,7.4,6.9
Kapasigan,Pasig,16.5,2.116,1.587,2.646,2.116,2.116,3.704,1.058,1.058,0.3,0.3,0.4,0.3,0.3,0.6,0.2,0.2
Kapitolyo,Pasig,98.2,2.928,3.549,3.194,3.372,4.259,3.286,3.396,4.703,2.9,3.5,3.1,3.3,4.2,3.2,3.3,4.6
Manggahan,Pasig,282.8,6.991,8.1,9.701,8.192,7.977,5.513,4.281,3.573,19.8,22.9,27.4,23.2,22.6,15.6,12.1,10.1
Maybunga,Pasig,158.0,11.356,12.679,12.679,14.112,12.086,13.12,14.845,13.23,17.9,20.0,20.0,22.3,19.1,20.7,23.4,20.9
Oranbo,Pasig,47.6,7.875,9.341,8.425,9.524,9.341,10.989,11.355,11.722,3.7,4.4,4.0,4.5,4.4,5.2,5.4,5.6
Pinagbuhatan,Pasig,336.6,2.328,3.156,3.104,2.819,3.906,2.923,3.031,2.82,7.8,10.6,10.5,9.5,13.2,9.8,10.2,9.5
Pineda,Pasig,62.2,1.961,2.241,2.101,2.381,2.521,2.801,2.661,2.661,1.2,1.4,1.3,1.5,1.6,1.7,1.7,1.7
Rosario,Pasig,377.2,5.588,6.627,6.58,6.557,6.604,6.696,7.184,5.541,21.1,25.0,24.8,24.7,24.9,25.3,27.1,20.9
Sagad,Pasig,10.7,0.0,0.0,0.0,0.0,0.813,0.813,0.813,0.0,0.0,0.0,0.0,0.0,0.1,0.1,0.1,0.0
San Antonio,Pasig,73.2,2.14,2.973,2.616,3.567,3.448,3.092,3.21,3.567,1.6,2.2,1.9,2.6,2.5,2.3,2.4,2.6
San Jose,Pasig,9.2,6.604,10.377,8.491,14.151,14.151,14.151,14.151,10.377,0.6,1.0,0.8,1.3,1.3,1.3,1.3,1.0
San Miguel,Pasig,155.5,7.559,9.518,9.351,10.022,10.302,10.302,10.823,9.076,11.8,14.8,14.5,15.6,16.0,16.0,16.7,14.1
Santa Lucia,Pasig,185.3,7.472,7.989,7.519,7.942,8.224,7.425,8.243,6.861,13.8,14.8,13.9,14.7,15.2,13.8,15.2,12.7
Santa Rosa,Pasig,16.5,21.693,26.455,28.571,27.513,22.751,19.048,18.519,14.286,3.6,4.4,4.7,4.5,3.7,3.1,3.0,2.4
Santolan,Pasig,202.5,3.686,4.288,4.544,4.544,5.401,5.019,5.12,3.871,7.5,8.7,9.2,9.2,11.0,10.2,10.4,7.8
Sumilang,Pasig,10.9,1.6,1.6,1.6,4.0,2.4,2.4,1.6,1.6,0.2,0.2,0.2,0.4,0.3,0.3,0.2,0.2
Ugong,Pasig,380.8,12.323,13.695,14.586,13.717,14.707,13.684,16.587,14.547,46.9,52.2,55.6,52.3,56.0,52.1,63.1,55.4
Aguho,Pateros,16.0,8.696,11.413,8.696,10.87,11.957,10.87,11.413,12.5,1.4,1.8,1.4,1.7,1.9,1.7,1.8,2.0
Magtanggol,Pateros,7.4,5.882,7.059,8.235,7.059,5.882,4.706,7.059,4.706,0.4,0.5,0.6,0.5,0.4,0.3,0.5,0.3
Martires del 96,Pateros,19.2,11.312,13.122,12.217,11.312,15.837,14.932,15.837,14.027,2.2,2.5,2.4,2.2,3.0,2.9,3.0,2.7
Poblacion,Pateros,6.6,1.316,2.632,1.316,2.632,1.316,0.0,3.947,2.632,0.1,0.2,0.1,0.2,0.1,0.0,0.3,0.2
San Pedro,Pateros,9.0,8.738,10.68,9.709,11.65,9.709,9.709,14.563,10.68,0.8,1.0,0.9,1.0,0.9,0.9,1.3,1.0
San Roque,Pateros,16.5,3.175,4.233,4.762,4.762,4.762,6.349,6.878,6.349,0.5,0.7,0.8,0.8,0.8,1.0,1.1,1.0
Santa Ana,Pateros,58.3,6.129,6.726,6.577,6.129,6.726,6.577,7.623,7.025,3.6,3.9,3.8,3.6,3.9,3.8,4.4,4.1
Santo Rosario–Kanluran,Pateros,13.8,1.258,1.887,1.887,1.258,1.887,3.145,3.774,3.774,0.2,0.3,0.3,0.2,0.3,0.4,0.5,0.5
Santo Rosario–Silangan,Pateros,30.3,3.161,3.736,4.885,7.184,6.609,4.913,5.747,4.885,1.0,1.1,1.5,2.2,2.0,1.5,1.7,1.5
Tabacalera,Pateros,8.8,4.95,7.921,8.911,6.931,8.911,12.871,7.921,4.95,0.4,0.7,0.8,0.6,0.8,1.1,0.7,0.4
Alicia,Quezon City,11.1,0.787,0.787,0.787,0.787,0.0,0.0,0.787,0.787,0.1,0.1,0.1,0.1,0.0,0.0,0.1,0.1
Amihan,Quezon City,13.2,1.316,1.974,2.632,1.974,1.316,1.316,1.316,1.316,0.2,0.3,0.3,0.3,0.2,0.2,0.2,0.2
Apolonio Samson,Quezon City,194.8,1.386,2.816,3.129,2.682,2.593,2.325,3.084,1.788,2.7,5.5,6.1,5.2,5.1,4.5,6.0,3.5
Baesa,Quezon City,200.8,4.885,7.004,6.528,6.488,5.491,6.193,6.701,3.731,9.8,14.1,13.2,13.1,11.1,12.5,13.5,7.5
Bagbag,Quezon City,194.3,13.761,16.091,15.509,17.122,14.074,12.909,15.105,12.954,26.7,31.3,30.1,33.3,27.3,25.1,29.4,25.2
Bagong Lipunan ng Crame,Quezon City,93.3,9.804,9.991,11.204,11.578,11.018,10.831,13.352,10.924,9.1,9.3,10.5,10.8,10.3,10.1,12.5,10.2
Bagong Pag-asa,Quezon City,109.4,4.299,5.255,4.618,5.494,5.016,3.742,4.777,3.742,4.7,5.7,5.1,6.0,5.5,4.1,5.2,4.1
Bagong Silangan,Quezon City,408.0,20.0,22.006,23.906,21.11,22.839,21.323,25.251,18.549,81.6,89.8,97.5,86.1,93.2,87.0,103.0,75.7
Bagumbayan,Quezon City,156.4,3.061,3.395,3.784,3.728,4.02,3.784,4.239,3.508,4.8,5.3,5.9,5.8,6.3,5.9,6.6,5.5
Bagumbuhay,Quezon City,24.0,4.0,6.545,6.182,5.455,5.455,5.091,5.455,5.091,1.0,1.6,1.5,1.3,1.3,1.2,1.3,1.2
Bahay Toro,Quezon City,299.7,4.301,5.26,5.551,5.291,4.94,4.737,5.725,4.505,12.9,15.8,16.6,15.9,14.8,14.2,17.2,13.5
Balingasa,Quezon City,79.2,0.55,1.65,1.76,1.76,1.32,1.87,1.32,1.21,0.4,1.3,1.4,1.4,1.0,1.5,1.0,1.0
Balong Bato,Quezon City,37.7,6.407,8.467,8.238,8.467,5.95,8.238,8.238,5.312,2.4,3.2,3.1,3.2,2.3,3.1,3.1,2.0
Batasan Hills,Quezon City,592.2,10.502,11.619,13.37,12.384,12.031,12.325,12.708,10.149,62.2,68.8,79.2,73.3,71.2,73.0,75.2,60.1
Bayanihan,Quezon City,6.7,0.0,2.597,1.299,1.299,0.0,0.0,0.0,0.0,0.0,0.2,0.1,0.1,0.0,0.0,0.0,0.0
Blue Ridge A,Quezon City,26.0,18.06,22.074,25.084,21.405,19.732,19.398,22.742,18.06,4.7,5.7,6.5,5.6,5.1,5.1,5.9,4.7
Blue Ridge B,Quezon City,14.2,10.429,11.043,16.564,13.497,11.656,12.27,11.656,10.429,1.5,1.6,2.4,1.9,1.7,1.7,1.7,1.5
Botocan,Quezon City,3.5,5.0,7.5,7.5,7.5,7.5,7.5,7.5,5.0,0.2,0.3,0.3,0.3,0.3,0.3,0.3,0.2
Bungad,Quezon City,50.9,1.027,1.199,2.226,2.568,1.199,1.541,2.74,1.37,0.5,0.6,1.1,1.3,0.6,0.8,1.4,0.7
Camp Aguinaldo,Quezon City,185.0,25.188,32.392,32.486,28.39,29.802,30.367,34.699,26.271,46.6,59.9,60.1,52.5,55.1,56.2,64.2,48.6
Capri,Quezon City,9.2,0.917,1.835,0.917,0.0,0.0,0.0,0.917,0.943,0.1,0.2,0.1,0.0,0.0,0.0,0.1,0.1
Central,Quezon City,134.6,21.734,24.968,24.774,24.321,22.51,23.933,25.42,21.604,29.3,33.6,33.4,32.7,30.3,32.2,34.2,29.1
Claro,Quezon City,10.2,0.855,0.855,0.855,0.855,0.855,0.855,1.709,1.709,0.1,0.1,0.1,0.1,0.1,0.1,0.2,0.2
Commonwealth,Quezon City,306.2,8.902,10.097,10.751,10.637,10.097,9.386,10.011,9.471,27.3,30.9,32.9,32.6,30.9,28.7,30.7,29.0
Culiat,Quezon City,252.9,11.915,14.084,14.428,13.877,12.741,11.501,14.842,11.467,30.1,35.6,36.5,35.1,32.2,29.1,37.5,29.0
Damar,Quezon City,20.3,1.288,3.863,3.004,2.575,2.575,1.717,1.717,1.288,0.3,0.8,0.6,0.5,0.5,0.3,0.3,0.3
Damayan,Quezon City,21.3,2.459,3.279,3.689,4.918,1.23,1.639,2.459,2.049,0.5,0.7,0.8,1.0,0.3,0.3,0.5,0.4
Damayang Lagi,Quezon City,80.7,13.053,15.318,15.75,14.455,12.298,8.522,13.916,8.63,10.5,12.4,12.7,11.7,9.9,6.9,11.2,7.0
Del Monte,Quezon City,54.2,3.859,4.662,4.984,4.502,4.502,4.502,4.662,3.698,2.1,2.5,2.7,2.4,2.4,2.4,2.5,2.0
Dioquino Zobel,Quezon City,3.2,0.0,0.0,0.0,0.0,0.0,0.0,0.0,0.0,0.0,0.0,0.0,0.0,0.0,0.0,0.0,0.0
Don Manuel,Quezon City,24.2,0.0,1.439,1.079,1.079,0.36,0.36,0.719,0.719,0.0,0.3,0.3,0.3,0.1,0.1,0.2,0.2
Doña Aurora,Quezon City,12.9,0.0,0.0,0.676,1.351,0.676,0.0,0.0,0.0,0.0,0.0,0.1,0.2,0.1,0.0,0.0,0.0
Doña Imelda,Quezon City,94.1,13.691,14.616,15.541,14.431,14.709,12.396,14.339,12.858,12.9,13.8,14.6,13.6,13.8,11.7,13.5,12.1
Doña Josefa,Quezon City,28.1,0.619,0.929,0.31,0.619,0.619,0.619,0.929,0.619,0.2,0.3,0.1,0.2,0.2,0.2,0.3,0.2
Duyan-Duyan,Quezon City,16.0,0.543,1.63,1.63,1.63,0.543,1.087,1.63,1.087,0.1,0.3,0.3,0.3,0.1,0.2,0.3,0.2
E. Rodriguez Sr.,Quezon City,65.5,1.197,1.463,2.261,1.862,1.33,1.995,1.995,2.261,0.8,1.0,1.5,1.2,0.9,1.3,1.3,1.5
East Kamias,Quezon City,28.6,0.0,0.0,0.0,0.0,0.305,0.305,0.915,0.305,0.0,0.0,0.0,0.0,0.1,0.1,0.3,0.1
Escopa I,Quezon City,1.0,0.0,0.0,0.0,0.0,0.0,0.0,0.0,0.0,0.0,0.0,0.0,0.0,0.0,0.0,0.0,0.0
Escopa II,Quezon City,2.1,0.0,0.0,0.0,0.0,0.0,0.0,0.0,0.0,0.0,0.0,0.0,0.0,0.0,0.0,0.0,0.0
Escopa III,Quezon City,9.4,13.889,12.037,12.963,12.037,11.111,10.185,10.185,7.407,1.3,1.1,1.2,1.1,1.0,1.0,1.0,0.7
Escopa IV,Quezon City,1.7,0.0,0.0,0.0,0.0,0.0,0.0,0.0,0.0,0.0,0.0,0.0,0.0,0.0,0.0,0.0,0.0
Fairview,Quezon City,315.2,13.484,16.22,16.33,16.469,15.087,13.429,15.004,13.015,42.5,51.1,51.5,51.9,47.6,42.3,47.3,41.0
Greater Lagro,Quezon City,424.0,22.124,25.046,25.555,25.642,25.801,23.937,26.767,22.884,93.8,106.2,108.3,108.7,109.4,101.5,113.5,97.0
Gulod,Quezon City,127.9,4.833,4.969,6.059,5.31,6.127,6.127,5.922,3.948,6.2,6.4,7.8,6.8,7.8,7.8,7.6,5.1
Holy Spirit,Quezon City,336.3,7.744,8.806,10.049,10.308,8.314,9.065,9.868,8.133,26.0,29.6,33.8,34.7,28.0,30.5,33.2,27.3
Horseshoe,Quezon City,38.1,23.744,25.342,25.571,23.744,22.603,22.146,24.429,19.863,9.1,9.7,9.8,9.1,8.6,8.4,9.3,7.6
Immaculate Concepcion,Quezon City,51.1,4.429,5.963,4.429,4.6,3.748,3.407,4.77,3.237,2.3,3.0,2.3,2.4,1.9,1.7,2.4,1.7
Kaligayahan,Quezon City,250.4,12.035,12.974,14.817,14.157,15.27,12.904,13.47,12.626,30.1,32.5,37.1,35.4,38.2,32.3,33.7,31.6
Kalusugan,Quezon City,42.6,11.02,13.265,13.469,13.265,12.041,12.653,13.061,10.225,4.7,5.7,5.7,5.7,5.1,5.4,5.6,4.4
Kamuning,Quezon City,43.6,1.996,2.595,2.595,2.395,2.395,1.996,3.194,2.395,0.9,1.1,1.1,1.0,1.0,0.9,1.4,1.0
Katipunan,Quezon City,12.7,6.849,8.219,8.219,8.904,8.219,10.959,8.904,10.274,0.9,1.0,1.0,1.1,1.0,1.4,1.1,1.3
Kaunlaran,Quezon City,55.5,7.221,7.535,8.32,7.692,6.436,7.221,6.907,6.279,4.0,4.2,4.6,4.3,3.6,4.0,3.8,3.5
Kristong Hari,Quezon City,34.4,19.494,21.519,21.266,21.519,18.987,18.228,22.025,18.481,6.7,7.4,7.3,7.4,6.5,6.3,7.6,6.4
Krus na Ligas,Quezon City,27.4,5.079,5.714,6.667,6.032,6.667,7.619,6.349,7.302,1.4,1.6,1.8,1.7,1.8,2.1,1.7,2.0
Laging Handa,Quezon City,62.9,1.524,2.216,2.77,2.216,2.493,2.355,4.017,2.632,1.0,1.4,1.7,1.4,1.6,1.5,2.5,1.7
Libis,Quezon City,11.2,8.527,10.853,13.178,10.853,11.628,12.403,10.078,9.302,1.0,1.2,1.5,1.2,1.3,1.4,1.1,1.0
Lourdes,Quezon City,75.9,5.396,5.396,7.003,5.741,4.707,3.904,6.085,2.526,4.1,4.1,5.3,4.4,3.6,3.0,4.6,1.9
Loyola Heights,Quezon City,258.8,23.419,27.052,28.163,25.908,25.774,27.894,27.153,23.183,60.6,70.0,72.9,67.1,66.7,72.2,70.3,60.0
Maharlika,Quezon City,38.8,0.674,0.674,1.573,1.573,0.899,0.674,1.348,1.124,0.3,0.3,0.6,0.6,0.3,0.3,0.5,0.4
Malaya,Quezon City,14.3,7.927,10.366,8.537,7.317,6.707,7.927,7.927,6.707,1.1,1.5,1.2,1.0,1.0,1.1,1.1,1.0
Mangga,Quezon City,8.2,0.0,1.064,0.0,1.064,0.0,0.0,0.0,0.0,0.0,0.1,0.0,0.1,0.0,0.0,0.0,0.0
Manresa,Quezon City,82.7,0.0,0.105,0.105,0.316,0.211,0.211,0.316,0.316,0.0,0.1,0.1,0.3,0.2,0.2,0.3,0.3
Mariana,Quezon City,167.3,12.285,14.315,14.315,14.524,13.483,13.743,15.096,11.661,20.6,24.0,24.0,24.3,22.6,23.0,25.3,19.5
Mariblo,Quezon City,13.8,1.899,1.899,3.797,3.797,3.797,1.899,4.43,1.899,0.3,0.3,0.5,0.5,0.5,0.3,0.6,0.3
Marilag,Quezon City,46.6,1.308,2.243,2.991,2.804,1.495,2.617,3.551,2.43,0.6,1.0,1.4,1.3,0.7,1.2,1.7,1.1
Masagana,Quezon City,16.3,0.535,1.07,0.535,1.07,0.0,0.535,1.604,0.0,0.1,0.2,0.1,0.2,0.0,0.1,0.3,0.0
Masambong,Quezon City,34.8,0.501,0.752,0.752,0.251,0.501,1.003,1.003,1.003,0.2,0.3,0.3,0.1,0.2,0.3,0.3,0.3
Matandang Balara,Quezon City,533.0,23.35,26.781,29.085,26.634,25.572,26.781,25.49,22.516,124.5,142.7,155.0,142.0,136.3,142.7,135.9,120.0
Milagrosa,Quezon City,27.3,2.548,3.185,3.822,3.822,2.866,2.866,3.503,2.548,0.7,0.9,1.0,1.0,0.8,0.8,1.0,0.7
N.S. Amoranto,Quezon City,23.5,0.0,0.741,0.37,0.741,0.741,0.741,0.741,0.37,0.0,0.2,0.1,0.2,0.2,0.2,0.2,0.1
Nagkaisang Nayon,Quezon City,280.9,7.512,8.841,10.665,9.516,9.119,6.722,10.688,7.07,21.2,24.9,30.0,26.7,25.7,18.9,30.0,19.9
Nayong Kanluran,Quezon City,14.7,6.509,4.734,6.509,5.325,4.734,3.55,4.142,2.959,1.0,0.7,1.0,0.8,0.7,0.5,0.6,0.4
New Era,Quezon City,63.7,9.713,11.781,12.038,13.406,10.534,10.807,10.26,9.302,6.2,7.5,7.7,8.5,6.7,6.9,6.5,5.9
North Fairview,Quezon City,198.7,9.513,10.522,11.004,9.952,9.996,8.33,11.135,7.365,18.9,20.9,21.9,19.8,19.9,16.5,22.1,14.6
Obrero,Quezon City,24.8,1.754,3.509,3.86,4.211,3.158,2.456,3.509,1.754,0.4,0.9,1.0,1.0,0.8,0.6,0.9,0.4
Old Capitol Site,Quezon City,14.8,22.353,35.294,32.353,32.941,27.059,25.882,28.235,23.529,3.3,5.2,4.8,4.9,4.0,3.8,4.2,3.5
Paang Bundok,Quezon City,15.6,0.0,0.0,0.0,0.0,0.0,0.0,0.0,0.0,0.0,0.0,0.0,0.0,0.0,0.0,0.0,0.0
Pag-ibig sa Nayon,Quezon City,36.9,0.708,1.651,1.651,2.123,0.708,1.179,1.415,0.708,0.3,0.6,0.6,0.8,0.3,0.4,0.5,0.3
Paligsahan,Quezon City,58.7,4.896,5.935,6.231,5.341,5.49,5.045,6.083,3.858,2.9,3.5,3.7,3.1,3.2,3.0,3.6,2.3
Paltok,Quezon City,66.0,1.979,2.507,2.111,2.243,1.583,1.319,2.778,1.451,1.3,1.7,1.4,1.5,1.0,0.9,1.8,1.0
Pansol,Quezon City,171.7,43.125,47.184,47.793,44.597,44.089,46.981,43.937,40.893,74.0,81.0,82.0,76.6,75.7,80.6,75.4,70.2
Paraiso,Quezon City,15.4,3.955,3.955,2.825,5.085,5.085,3.955,5.085,2.825,0.6,0.6,0.4,0.8,0.8,0.6,0.8,0.4
Pasong Putik Proper,Quezon City,243.7,13.939,14.761,17.37,16.869,16.405,15.332,15.195,14.689,34.0,36.0,42.3,41.1,40.0,37.4,37.0,35.8
Pasong Tamo,Quezon City,490.3,13.339,15.364,16.43,16.483,14.867,14.192,17.573,13.055,65.4,75.3,80.6,80.8,72.9,69.6,86.1,64.0
Payatas,Quezon City,374.2,10.801,11.615,11.685,11.243,11.802,11.755,12.826,9.544,40.4,43.5,43.7,42.1,44.2,44.0,48.0,35.7
Phil-Am,Quezon City,45.1,5.405,7.722,8.301,7.915,6.178,5.212,8.108,7.336,2.4,3.5,3.7,3.6,2.8,2.4,3.7,3.3
Pinagkaisahan,Quezon City,33.5,4.935,4.935,4.935,4.416,3.636,4.156,3.896,2.338,1.7,1.7,1.7,1.5,1.2,1.4,1.3,0.8
Pinyahan,Quezon City,156.9,12.098,14.317,14.539,13.818,12.653,12.764,14.421,10.383,19.0,22.5,22.8,21.7,19.9,20.0,22.6,16.3
Project 6,Quezon City,152.7,33.029,37.707,37.25,33.485,32.516,35.482,36.68,32.402,50.4,57.6,56.9,51.1,49.6,54.2,56.0,49.5
Quirino 2-A,Quezon City,16.7,0.521,0.521,0.521,0.521,0.521,0.0,0.521,0.521,0.1,0.1,0.1,0.1,0.1,0.0,0.1,0.1
Quirino 2-B,Quezon City,14.5,0.595,0.595,0.595,0.595,0.0,0.595,0.595,1.198,0.1,0.1,0.1,0.1,0.0,0.1,0.1,0.2
Quirino 2-C,Quezon City,8.0,1.087,1.087,1.087,1.087,0.0,0.0,0.0,0.0,0.1,0.1,0.1,0.1,0.0,0.0,0.0,0.0
Quirino 3-A,Quezon City,5.5,0.0,0.0,0.0,0.0,0.0,0.0,0.0,0.0,0.0,0.0,0.0,0.0,0.0,0.0,0.0,0.0
Ramon Magsaysay,Quezon City,35.1,2.978,3.474,3.97,3.97,3.226,3.97,2.978,2.481,1.0,1.2,1.4,1.4,1.1,1.4,1.0,0.9
Roxas,Quezon City,45.9,12.524,14.231,14.991,14.421,13.283,12.334,14.421,10.247,5.7,6.5,6.9,6.6,6.1,5.7,6.6,4.7
Sacred Heart,Quezon City,57.9,5.113,6.316,5.564,5.263,6.015,4.812,8.872,5.263,3.0,3.7,3.2,3.0,3.5,2.8,5.1,3.0
Saint Ignatius,Quezon City,25.0,2.787,3.484,3.484,3.136,2.439,2.439,3.136,2.439,0.7,0.9,0.9,0.8,0.6,0.6,0.8,0.6
Saint Peter,Quezon City,26.9,0.0,0.324,0.0,0.647,0.0,0.0,0.0,0.0,0.0,0.1,0.0,0.2,0.0,0.0,0.0,0.0
Salvacion,Quezon City,21.0,0.0,0.0,0.0,0.0,0.0,0.0,0.0,0.0,0.0,0.0,0.0,0.0,0.0,0.0,0.0,0.0
San Agustin,Quezon City,104.9,14.855,15.851,16.349,15.685,16.266,12.531,18.506,14.772,15.6,16.6,17.2,16.5,17.1,13.2,19.4,15.5
San Antonio,Quezon City,74.6,2.453,2.921,3.738,4.206,3.388,3.621,3.855,2.22,1.8,2.2,2.8,3.1,2.5,2.7,2.9,1.7
San Bartolome,Quezon City,358.0,9.674,12.008,12.348,12.299,10.841,9.098,12.494,8.927,34.7,43.0,44.2,44.1,38.8,32.6,44.8,32.0
San Isidro,Quezon City,12.0,0.0,0.0,0.0,0.0,0.0,0.0,0.0,0.0,0.0,0.0,0.0,0.0,0.0,0.0,0.0,0.0
San Isidro Labrador,Quezon City,25.8,0.0,0.0,0.0,0.0,0.0,1.014,0.0,0.338,0.0,0.0,0.0,0.0,0.0,0.3,0.0,0.1
San Jose,Quezon City,26.1,0.0,0.0,0.0,0.0,0.0,0.0,0.0,0.333,0.0,0.0,0.0,0.0,0.0,0.0,0.0,0.1
San Martin de Porres,Quezon City,21.1,0.826,0.413,0.826,0.826,0.413,0.413,0.826,0.413,0.2,0.1,0.2,0.2,0.1,0.1,0.2,0.1
San Roque,Quezon City,65.4,0.666,1.198,1.332,1.198,1.332,1.598,2.13,1.065,0.4,0.8,0.9,0.8,0.9,1.0,1.4,0.7
San Vicente,Quezon City,11.9,13.139,19.708,21.168,19.708,16.058,20.438,16.058,14.599,1.6,2.4,2.5,2.4,1.9,2.4,1.9,1.7
Sangandaan,Quezon City,90.8,3.92,5.449,4.971,4.78,4.111,4.015,4.876,4.506,3.6,5.0,4.5,4.4,3.7,3.7,4.4,4.1
Santa Cruz,Quezon City,43.5,9.018,13.427,13.627,13.627,11.824,9.419,14.429,7.214,3.9,5.8,5.9,5.9,5.1,4.1,6.3,3.1
Santa Lucia,Quezon City,66.1,5.138,6.588,7.378,5.665,6.061,5.665,6.851,4.743,3.4,4.4,4.9,3.7,4.0,3.7,4.5,3.1
Santa Monica,Quezon City,166.6,10.35,11.762,12.389,10.559,10.35,9.357,10.559,11.082,17.2,19.6,20.6,17.6,17.2,15.6,17.6,18.5
Santa Teresita,Quezon City,34.8,0.0,0.251,0.501,0.0,0.251,0.0,0.0,0.0,0.0,0.1,0.2,0.0,0.1,0.0,0.0,0.0
Santo Cristo,Quezon City,55.5,3.925,5.808,6.436,6.279,5.181,5.495,7.221,5.808,2.2,3.2,3.6,3.5,2.9,3.0,4.0,3.2
Santo Domingo,Quezon City,91.1,2.772,3.155,3.633,4.302,2.964,3.059,5.263,2.199,2.5,2.9,3.3,3.9,2.7,2.8,4.8,2.0
Santo Niño,Quezon City,20.3,3.004,4.292,2.575,3.863,2.575,0.858,0.858,0.0,0.6,0.9,0.5,0.8,0.5,0.2,0.2,0.0
Santol,Quezon City,44.2,6.903,7.495,8.087,8.284,8.481,7.89,8.284,8.284,3.0,3.3,3.6,3.7,3.7,3.5,3.7,3.7
Sauyo,Quezon City,283.5,10.568,11.859,12.627,13.487,10.753,10.937,13.118,10.077,30.0,33.6,35.8,38.2,30.5,31.0,37.2,28.6
Sienna,Quezon City,39.3,0.887,1.33,1.774,1.996,1.33,1.109,1.109,0.443,0.3,0.5,0.7,0.8,0.5,0.4,0.4,0.2
Sikatuna Village,Quezon City,40.8,0.641,1.068,1.282,0.855,0.855,1.923,1.496,0.855,0.3,0.4,0.5,0.3,0.3,0.8,0.6,0.3
Silangan,Quezon City,22.4,0.778,1.167,1.167,1.946,0.778,0.778,1.167,0.778,0.2,0.3,0.3,0.4,0.2,0.2,0.3,0.2
Socorro,Quezon City,118.4,2.355,2.723,3.311,3.164,2.943,3.164,3.606,2.943,2.8,3.2,3.9,3.7,3.5,3.7,4.3,3.5
South Triangle,Quezon City,112.6,1.624,2.32,2.862,3.016,2.475,1.933,3.558,1.933,1.8,2.6,3.2,3.4,2.8,2.2,4.0,2.2
Tagumpay,Quezon City,10.8,3.226,1.613,3.226,3.226,4.839,5.645,5.645,1.613,0.3,0.2,0.3,0.3,0.5,0.6,0.6,0.2
Talayan,Quezon City,48.9,7.13,8.021,8.913,9.626,7.665,8.734,9.464,5.348,3.5,3.9,4.4,4.7,3.7,4.3,4.6,2.6
Talipapa,Quezon City,168.9,5.312,7.22,6.704,7.375,6.086,5.106,6.601,5.879,9.0,12.2,11.3,12.5,10.3,8.6,11.1,9.9
Tandang Sora,Quezon City,393.4,4.935,6.351,6.993,7.17,5.687,5.709,6.816,5.667,19.4,25.0,27.5,28.2,22.4,22.5,26.8,22.3
Tatalon,Quezon City,93.3,2.054,2.894,2.988,3.178,3.641,2.801,3.364,1.867,1.9,2.7,2.8,3.0,3.4,2.6,3.1,1.7
Teachers Village East,Quezon City,21.7,1.606,2.41,2.811,2.008,1.606,4.418,3.213,2.41,0.3,0.5,0.6,0.4,0.3,1.0,0.7,0.5
Teachers Village West,Quezon City,23.3,1.124,0.749,1.124,1.124,1.124,0.749,2.247,0.749,0.3,0.2,0.3,0.3,0.3,0.2,0.5,0.2
UP Campus,Quezon City,464.9,41.383,45.879,45.635,45.523,43.069,43.912,44.324,42.413,192.4,213.3,212.2,211.6,200.2,204.1,206.1,197.2
UP Village,Quezon City,38.9,5.593,6.04,7.606,7.383,7.383,7.606,7.83,6.935,2.2,2.4,3.0,2.9,2.9,3.0,3.0,2.7
Ugong Norte,Quezon City,267.5,11.527,11.788,14.783,14.425,15.239,13.746,17.486,11.397,30.8,31.5,39.5,38.6,40.8,36.8,46.8,30.5
Unang Sigaw,Quezon City,19.8,2.203,4.405,3.084,3.084,4.405,4.846,3.524,5.286,0.4,0.9,0.6,0.6,0.9,1.0,0.7,1.0
Valencia,Quezon City,43.5,7.214,8.216,9.619,8.617,9.218,9.018,10.22,8.417,3.1,3.6,4.2,3.7,4.0,3.9,4.4,3.7
Vasra,Quezon City,55.0,12.658,15.19,14.241,14.082,13.449,13.766,13.449,14.399,7.0,8.4,7.8,7.8,7.4,7.6,7.4,7.9
Veterans Village,Quezon City,51.9,0.168,0.839,0.503,0.503,0.671,0.503,0.671,0.839,0.1,0.4,0.3,0.3,0.3,0.3,0.3,0.4
Villa Maria Clara,Quezon City,8.4,0.0,0.0,0.0,0.0,0.0,0.0,0.0,0.0,0.0,0.0,0.0,0.0,0.0,0.0,0.0,0.0
West Kamias,Quezon City,18.5,0.0,0.0,0.0,0.0,0.0,0.0,0.0,0.0,0.0,0.0,0.0,0.0,0.0,0.0,0.0,0.0
West Triangle,Quezon City,68.5,5.598,6.87,6.616,7.125,6.489,6.234,6.616,5.598,3.8,4.7,4.5,4.9,4.4,4.3,4.5,3.8
White Plains,Quezon City,57.1,9.299,11.585,12.805,12.805,11.433,10.671,10.823,8.689,5.3,6.6,7.3,7.3,6.5,6.1,6.2,5.0
Addition Hills,San Juan,36.7,4.976,7.583,8.057,8.294,6.872,6.161,7.82,5.226,1.8,2.8,3.0,3.0,2.5,2.3,2.9,1.9
Balong-Bato,San Juan,25.4,2.055,1.712,1.712,2.055,2.397,2.055,2.055,1.027,0.5,0.4,0.4,0.5,0.6,0.5,0.5,0.3
Batis,San Juan,37.9,2.069,3.448,4.368,4.138,3.218,2.759,2.989,1.839,0.8,1.3,1.7,1.6,1.2,1.0,1.1,0.7
Corazon de Jesus,San Juan,32.7,12.8,12.8,12.8,14.133,13.6,12.533,14.4,11.733,4.2,4.2,4.2,4.6,4.4,4.1,4.7,3.8
Ermitaño,San Juan,10.3,4.237,5.932,5.085,5.932,5.932,3.39,5.085,3.39,0.4,0.6,0.5,0.6,0.6,0.3,0.5,0.3
Greenhills,San Juan,188.6,2.493,3.601,3.924,4.529,3.741,3.095,4.573,3.048,4.7,6.8,7.4,8.5,7.1,5.8,8.6,5.7
Isabelita,San Juan,2.9,0.0,0.0,0.0,0.0,0.0,0.0,0.0,0.0,0.0,0.0,0.0,0.0,0.0,0.0,0.0,0.0
Kabayanan,San Juan,18.6,3.738,4.206,5.607,6.075,5.607,4.206,7.009,4.673,0.7,0.8,1.0,1.1,1.0,0.8,1.3,0.9
Little Baguio,San Juan,44.4,4.902,6.863,8.235,7.647,7.451,5.882,8.039,6.078,2.2,3.0,3.7,3.4,3.3,2.6,3.6,2.7
Maytunas,San Juan,20.5,10.638,13.617,12.766,14.894,11.489,11.489,13.191,11.064,2.2,2.8,2.6,3.0,2.4,2.4,2.7,2.3
Onse,San Juan,9.8,1.786,1.786,2.679,1.786,2.679,2.679,1.786,1.786,0.2,0.2,0.3,0.2,0.3,0.3,0.2,0.2
Pasadena,San Juan,24.8,4.912,5.614,7.018,6.316,7.368,5.965,10.175,6.667,1.2,1.4,1.7,1.6,1.8,1.5,2.5,1.7
Pedro Cruz,San Juan,18.7,4.651,4.186,4.186,4.651,4.186,4.186,4.651,3.256,0.9,0.8,0.8,0.9,0.8,0.8,0.9,0.6
Progreso,San Juan,5.1,3.39,3.39,1.695,3.39,3.39,3.39,1.695,3.39,0.2,0.2,0.1,0.2,0.2,0.2,0.1,0.2
Rivera,San Juan,6.4,2.74,2.74,5.479,1.37,2.74,4.11,1.37,1.37,0.2,0.2,0.3,0.1,0.2,0.3,0.1,0.1
Saint Joseph,San Juan,3.8,0.0,0.0,0.0,0.0,0.0,0.0,0.0,0.0,0.0,0.0,0.0,0.0,0.0,0.0,0.0,0.0
Salapan,San Juan,17.8,2.451,0.98,2.451,2.451,1.961,0.98,1.471,1.471,0.4,0.2,0.4,0.4,0.3,0.2,0.3,0.3
San Perfecto,San Juan,8.3,0.0,0.0,0.0,0.0,0.0,1.053,0.0,1.053,0.0,0.0,0.0,0.0,0.0,0.1,0.0,0.1
Santa Lucia,San Juan,31.7,8.791,9.615,9.341,10.44,10.165,9.89,12.088,10.165,2.8,3.0,3.0,3.3,3.2,3.1,3.8,3.2
Tibagan,San Juan,17.2,3.03,6.566,5.556,4.545,5.051,4.545,4.545,3.535,0.5,1.1,1.0,0.8,0.9,0.8,0.8,0.6
West Crame,San Juan,19.8,3.084,3.084,1.762,2.203,1.762,1.762,1.762,1.762,0.6,0.6,0.3,0.4,0.3,0.3,0.3,0.3
Bagumbayan,Taguig,223.5,3.702,3.662,3.818,4.691,5.765,3.556,4.887,4.56,8.3,8.2,8.5,10.5,12.9,7.9,10.9,10.2
Cembo,Taguig,43.2,1.815,3.024,3.427,3.629,3.024,2.419,3.831,3.427,0.8,1.3,1.5,1.6,1.3,1.0,1.7,1.5
Central Bicutan,Taguig,65.5,26.463,26.533,25.931,26.064,25.931,22.739,24.468,23.537,17.3,17.3,17.0,17.1,17.0,14.9,16.0,15.4
Comembo,Taguig,31.5,2.762,3.867,1.934,2.21,3.039,3.867,2.762,3.039,0.9,1.2,0.6,0.7,1.0,1.2,0.9,1.0
East Rembo,Taguig,50.2,0.174,0.694,0.347,0.521,0.174,0.174,1.042,0.0,0.1,0.3,0.2,0.3,0.1,0.1,0.5,0.0
Fort Bonifacio,Taguig,446.5,15.22,17.396,17.202,17.562,18.992,16.06,18.277,18.276,68.1,77.9,77.0,78.6,85.0,71.9,81.7,81.6
Lower Bicutan,Taguig,132.9,8.191,8.191,8.912,9.502,9.699,6.946,6.815,7.143,10.9,10.9,11.8,12.6,12.9,9.2,9.1,9.5
Maharlika Village,Taguig,45.6,7.457,7.839,7.648,7.648,10.134,7.075,8.413,7.648,3.4,3.6,3.5,3.5,4.6,3.2,3.8,3.5
Napindan,Taguig,215.6,2.09,2.854,2.01,2.211,2.733,2.412,2.715,2.788,4.5,6.2,4.4,4.8,5.9,5.2,5.8,6.0
New Lower Bicutan,Taguig,120.3,5.214,5.938,6.083,4.49,5.938,4.562,4.924,4.49,6.3,7.1,7.3,5.4,7.1,5.5,5.9,5.4
North Daang Hari,Taguig,12.7,6.897,7.534,7.534,10.959,10.959,4.795,6.207,4.11,0.9,1.0,1.0,1.4,1.4,0.6,0.8,0.5
Pembo,Taguig,72.5,0.12,0.361,0.481,0.601,0.601,0.721,0.24,0.24,0.1,0.3,0.3,0.4,0.4,0.5,0.2,0.2
Pinagsama,Taguig,298.6,7.93,10.0,10.554,9.828,11.458,8.55,9.921,9.274,23.7,29.9,31.5,29.4,34.2,25.5,29.6,27.7
Pitogo,Taguig,17.0,3.077,4.615,3.59,3.077,3.59,3.077,3.59,4.103,0.5,0.8,0.6,0.5,0.6,0.5,0.6,0.7
Post Proper Northside,Taguig,5.8,2.985,7.463,8.955,7.463,4.478,7.463,10.448,10.448,0.2,0.4,0.5,0.4,0.3,0.4,0.6,0.6
Post Proper Southside,Taguig,11.2,68.992,67.442,70.543,68.992,72.093,64.341,66.667,64.341,7.8,7.6,7.9,7.8,8.1,7.2,7.5,7.2
Rizal,Taguig,72.5,0.481,0.962,0.24,0.361,0.481,0.481,0.0,0.361,0.3,0.7,0.2,0.3,0.3,0.3,0.0,0.3
Santa Ana,Taguig,211.1,1.196,2.269,2.145,1.691,1.898,1.196,1.568,1.485,2.5,4.8,4.5,3.6,4.0,2.5,3.3,3.1
South Cembo,Taguig,21.2,0.823,0.823,0.823,1.235,2.058,1.646,1.235,1.646,0.2,0.2,0.2,0.3,0.4,0.3,0.3,0.3
South Daang Hari,Taguig,28.3,8.0,8.923,9.231,10.769,10.154,8.308,10.154,8.615,2.3,2.5,2.6,3.0,2.9,2.4,2.9,2.4
Tanyag,Taguig,36.6,6.905,8.095,7.143,8.095,8.81,7.857,7.857,8.333,2.5,3.0,2.6,3.0,3.2,2.9,2.9,3.0
Tuktukan,Taguig,31.6,4.683,5.785,6.336,6.336,5.785,6.336,6.336,6.061,1.5,1.8,2.0,2.0,1.8,2.0,2.0,1.9
Upper Bicutan,Taguig,45.5,0.383,0.192,0.0,0.192,0.383,0.0,0.575,0.383,0.2,0.1,0.0,0.1,0.2,0.0,0.3,0.2
West Rembo,Taguig,62.1,0.701,1.683,1.543,2.384,2.104,1.683,2.665,2.244,0.4,1.0,1.0,1.5,1.3,1.0,1.7,1.4
Western Bicutan,Taguig,625.0,17.045,19.362,19.788,20.499,22.324,19.099,19.79,19.83,106.5,121.0,123.7,128.1,139.5,119.2,123.3,123.9
Arkong Bato,Valenzuela,38.6,1.129,1.129,1.58,0.903,1.354,2.032,1.806,0.677,0.4,0.4,0.6,0.3,0.5,0.8,0.7,0.3
Balangkas,Valenzuela,127.6,5.051,7.986,10.307,8.601,9.625,7.918,9.42,3.618,6.4,10.2,13.2,11.0,12.3,10.1,12.0,4.6
Bignay,Valenzuela,331.4,10.115,10.94,14.166,13.595,13.33,9.162,14.614,9.645,33.7,36.4,47.2,45.3,44.4,30.5,48.3,32.0
Bisig,Valenzuela,14.3,5.488,6.098,10.366,6.707,4.268,4.878,6.707,1.829,0.8,0.9,1.5,1.0,0.6,0.7,1.0,0.3
Canumay East,Valenzuela,134.0,1.039,2.079,3.312,2.597,3.442,1.948,4.224,1.625,1.4,2.8,4.4,3.5,4.6,2.6,5.7,2.2
Canumay West,Valenzuela,170.7,5.274,7.563,8.063,6.805,6.897,6.034,8.333,4.235,9.1,13.0,13.8,11.7,11.8,10.4,14.3,7.2
Coloong,Valenzuela,199.5,4.278,6.155,6.591,5.762,5.893,4.365,5.543,2.663,8.5,12.3,13.2,11.5,11.8,8.7,11.1,5.3
Dalandanan,Valenzuela,155.6,2.632,3.919,4.703,3.024,3.471,2.464,4.031,2.128,4.1,6.1,7.3,4.7,5.4,3.8,6.3,3.3
Isla,Valenzuela,44.2,3.937,7.283,6.693,2.953,5.118,4.134,5.906,3.543,1.7,3.2,3.0,1.3,2.3,1.8,2.6,1.6
Lawang Bato,Valenzuela,274.8,6.511,8.755,11.41,11.473,12.168,7.807,12.888,6.688,17.9,24.1,31.4,31.6,33.5,21.5,35.4,18.4
Lingunan,Valenzuela,212.4,5.426,6.814,8.568,5.803,6.936,5.222,8.105,3.731,11.6,14.5,18.3,12.4,14.8,11.1,17.2,7.9
Mabolo,Valenzuela,11.1,3.906,8.594,7.031,7.812,9.375,5.469,7.031,5.469,0.4,1.0,0.8,0.9,1.0,0.6,0.8,0.6
Malanday,Valenzuela,233.0,4.14,5.558,6.789,6.9,6.154,5.185,7.436,3.327,9.7,13.0,15.9,16.1,14.4,12.1,17.3,7.8
Malinta,Valenzuela,205.5,3.178,4.154,6.144,3.903,4.958,4.576,6.655,3.136,6.5,8.5,12.6,8.0,10.2,9.4,13.7,6.4
Maysan,Valenzuela,314.1,6.528,7.828,9.682,8.299,7.746,6.418,8.065,4.992,20.6,24.6,30.5,26.1,24.4,20.2,25.3,15.7
Palasan,Valenzuela,29.3,6.845,9.821,9.821,8.631,9.524,8.036,10.119,8.929,2.0,2.9,2.9,2.5,2.8,2.4,3.0,2.6
Pariancillo Villa,Valenzuela,9.2,7.547,10.377,11.321,8.491,9.434,7.547,12.264,6.604,0.7,1.0,1.0,0.8,0.9,0.7,1.1,0.6
Pasolo,Valenzuela,41.0,7.219,10.191,10.828,9.13,10.828,10.616,11.465,8.917,3.0,4.2,4.4,3.7,4.4,4.4,4.7,3.7
Poblacion,Valenzuela,6.0,0.0,1.449,1.449,2.899,2.899,0.0,2.899,0.0,0.0,0.1,0.1,0.2,0.2,0.0,0.2,0.0
Pulo,Valenzuela,5.4,0.0,8.065,6.452,4.839,11.29,6.452,4.839,6.452,0.0,0.4,0.3,0.3,0.6,0.3,0.3,0.3
Punturin,Valenzuela,183.7,8.298,9.436,13.039,10.763,12.66,9.531,12.47,7.681,15.2,17.3,24.0,19.8,23.3,17.5,22.9,14.1
Rincon,Valenzuela,41.9,3.742,4.99,4.99,2.703,4.158,2.495,5.405,2.287,1.6,2.1,2.1,1.1,1.7,1.0,2.3,1.0
Tagalag,Valenzuela,135.9,1.218,2.628,3.397,2.372,3.013,3.077,4.231,1.667,1.7,3.6,4.6,3.2,4.1,4.2,5.7,2.3
Veinte Reales,Valenzuela,188.1,2.91,5.125,7.202,4.766,5.402,4.018,5.869,3.519,5.5,9.7,13.6,9.0,10.2,7.6,11.1,6.6
Wawang Pulo,Valenzuela,64.7,0.942,0.942,1.077,1.211,2.288,1.75,2.692,1.346,0.6,0.6,0.7,0.8,1.5,1.1,1.7,0.9
